clickSelects	showSelected1	group	ymin	ymax	xmin	xmax
1950	OK	1	0	13	1949.55	1950.45
1951	OK	1	0	32	1950.55	1951.45
1952	OK	1	0	15	1951.55	1952.45
1953	OK	1	0	34	1952.55	1953.45
1954	OK	1	0	44	1953.55	1954.45
1955	OK	1	0	65	1954.55	1955.45
1956	OK	1	0	40	1955.55	1956.45
1957	OK	1	0	95	1956.55	1957.45
1958	OK	1	0	25	1957.55	1958.45
1959	OK	1	0	51	1958.55	1959.45
1960	OK	1	0	58	1959.55	1960.45
1961	OK	1	0	47	1960.55	1961.45
1962	OK	1	0	48	1961.55	1962.45
1963	OK	1	0	21	1962.55	1963.45
1964	OK	1	0	39	1963.55	1964.45
1965	OK	1	0	58	1964.55	1965.45
1966	OK	1	0	27	1965.55	1966.45
1967	OK	1	0	35	1966.55	1967.45
1968	OK	1	0	41	1967.55	1968.45
1969	OK	1	0	25	1968.55	1969.45
1970	OK	1	0	33	1969.55	1970.45
1971	OK	1	0	30	1970.55	1971.45
1972	OK	1	0	27	1971.55	1972.45
1973	OK	1	0	45	1972.55	1973.45
1974	OK	1	0	27	1973.55	1974.45
1975	OK	1	0	14	1974.55	1975.45
1976	OK	1	0	17	1975.55	1976.45
1977	OK	1	0	37	1976.55	1977.45
1978	OK	1	0	12	1977.55	1978.45
1979	OK	1	0	36	1978.55	1979.45
1980	OK	1	0	15	1979.55	1980.45
1981	OK	1	0	57	1980.55	1981.45
1982	OK	1	0	69	1981.55	1982.45
1983	OK	1	0	71	1982.55	1983.45
1984	OK	1	0	45	1983.55	1984.45
1985	OK	1	0	27	1984.55	1985.45
1986	OK	1	0	25	1985.55	1986.45
1987	OK	1	0	12	1986.55	1987.45
1988	OK	1	0	6	1987.55	1988.45
1989	OK	1	0	10	1988.55	1989.45
1990	OK	1	0	25	1989.55	1990.45
1991	OK	1	0	41	1990.55	1991.45
1992	OK	1	0	36	1991.55	1992.45
1993	OK	1	0	49	1992.55	1993.45
1994	OK	1	0	29	1993.55	1994.45
1995	OK	1	0	56	1994.55	1995.45
1996	OK	1	0	50	1995.55	1996.45
1997	OK	1	0	57	1996.55	1997.45
1998	OK	1	0	85	1997.55	1998.45
1999	OK	1	0	143	1998.55	1999.45
2000	OK	1	0	44	1999.55	2000.45
2001	OK	1	0	61	2000.55	2001.45
2002	OK	1	0	18	2001.55	2002.45
2003	OK	1	0	81	2002.55	2003.45
2004	OK	1	0	62	2003.55	2004.45
2005	OK	1	0	27	2004.55	2005.45
2006	OK	1	0	30	2005.55	2006.45
2007	OK	1	0	50	2006.55	2007.45
2008	OK	1	0	71	2007.55	2008.45
2009	OK	1	0	35	2008.55	2009.45
2010	OK	1	0	104	2009.55	2010.45
2011	OK	1	0	122	2010.55	2011.45
2012	OK	1	0	63	2011.55	2012.45
1950	FL	2	0	2	1949.55	1950.45
1951	FL	2	0	5	1950.55	1951.45
1952	FL	2	0	4	1951.55	1952.45
1953	FL	2	0	14	1952.55	1953.45
1954	FL	2	0	8	1953.55	1954.45
1955	FL	2	0	5	1954.55	1955.45
1956	FL	2	0	7	1955.55	1956.45
1957	FL	2	0	9	1956.55	1957.45
1958	FL	2	0	17	1957.55	1958.45
1959	FL	2	0	8	1958.55	1959.45
1960	FL	2	0	21	1959.55	1960.45
1961	FL	2	0	9	1960.55	1961.45
1962	FL	2	0	13	1961.55	1962.45
1963	FL	2	0	15	1962.55	1963.45
1964	FL	2	0	25	1963.55	1964.45
1965	FL	2	0	7	1964.55	1965.45
1966	FL	2	0	15	1965.55	1966.45
1967	FL	2	0	16	1966.55	1967.45
1968	FL	2	0	35	1967.55	1968.45
1969	FL	2	0	35	1968.55	1969.45
1970	FL	2	0	21	1969.55	1970.45
1971	FL	2	0	16	1970.55	1971.45
1972	FL	2	0	10	1971.55	1972.45
1973	FL	2	0	10	1972.55	1973.45
1974	FL	2	0	31	1973.55	1974.45
1975	FL	2	0	60	1974.55	1975.45
1976	FL	2	0	45	1975.55	1976.45
1977	FL	2	0	25	1976.55	1977.45
1978	FL	2	0	53	1977.55	1978.45
1979	FL	2	0	56	1978.55	1979.45
1980	FL	2	0	26	1979.55	1980.45
1981	FL	2	0	30	1980.55	1981.45
1982	FL	2	0	12	1981.55	1982.45
1983	FL	2	0	31	1982.55	1983.45
1984	FL	2	0	4	1983.55	1984.45
1985	FL	2	0	7	1984.55	1985.45
1986	FL	2	0	3	1985.55	1986.45
1987	FL	2	0	2	1986.55	1987.45
1988	FL	2	0	5	1987.55	1988.45
1989	FL	2	0	3	1988.55	1989.45
1990	FL	2	0	15	1989.55	1990.45
1991	FL	2	0	19	1990.55	1991.45
1992	FL	2	0	30	1991.55	1992.45
1993	FL	2	0	42	1992.55	1993.45
1994	FL	2	0	60	1993.55	1994.45
1995	FL	2	0	70	1994.55	1995.45
1996	FL	2	0	65	1995.55	1996.45
1997	FL	2	0	113	1996.55	1997.45
1998	FL	2	0	103	1997.55	1998.45
1999	FL	2	0	56	1998.55	1999.45
2000	FL	2	0	75	1999.55	2000.45
2001	FL	2	0	69	2000.55	2001.45
2002	FL	2	0	43	2001.55	2002.45
2003	FL	2	0	43	2002.55	2003.45
2004	FL	2	0	106	2003.55	2004.45
2005	FL	2	0	54	2004.55	2005.45
2006	FL	2	0	42	2005.55	2006.45
2007	FL	2	0	47	2006.55	2007.45
2008	FL	2	0	46	2007.55	2008.45
2009	FL	2	0	35	2008.55	2009.45
2010	FL	2	0	17	2009.55	2010.45
2011	FL	2	0	40	2010.55	2011.45
2012	FL	2	0	48	2011.55	2012.45
1950	KS	3	0	25	1949.55	1950.45
1951	KS	3	0	41	1950.55	1951.45
1952	KS	3	0	14	1951.55	1952.45
1953	KS	3	0	23	1952.55	1953.45
1954	KS	3	0	40	1953.55	1954.45
1955	KS	3	0	64	1954.55	1955.45
1956	KS	3	0	42	1955.55	1956.45
1957	KS	3	0	35	1956.55	1957.45
1958	KS	3	0	29	1957.55	1958.45
1959	KS	3	0	44	1958.55	1959.45
1960	KS	3	0	37	1959.55	1960.45
1961	KS	3	0	21	1960.55	1961.45
1962	KS	3	0	42	1961.55	1962.45
1963	KS	3	0	25	1962.55	1963.45
1964	KS	3	0	57	1963.55	1964.45
1965	KS	3	0	36	1964.55	1965.45
1966	KS	3	0	26	1965.55	1966.45
1967	KS	3	0	16	1966.55	1967.45
1968	KS	3	0	15	1967.55	1968.45
1969	KS	3	0	11	1968.55	1969.45
1970	KS	3	0	16	1969.55	1970.45
1971	KS	3	0	15	1970.55	1971.45
1972	KS	3	0	18	1971.55	1972.45
1973	KS	3	0	38	1972.55	1973.45
1974	KS	3	0	28	1973.55	1974.45
1975	KS	3	0	12	1974.55	1975.45
1976	KS	3	0	12	1975.55	1976.45
1977	KS	3	0	9	1976.55	1977.45
1978	KS	3	0	19	1977.55	1978.45
1979	KS	3	0	24	1978.55	1979.45
1980	KS	3	0	14	1979.55	1980.45
1981	KS	3	0	9	1980.55	1981.45
1982	KS	3	0	51	1981.55	1982.45
1983	KS	3	0	19	1982.55	1983.45
1984	KS	3	0	46	1983.55	1984.45
1985	KS	3	0	16	1984.55	1985.45
1986	KS	3	0	20	1985.55	1986.45
1987	KS	3	0	4	1986.55	1987.45
1988	KS	3	0	15	1987.55	1988.45
1989	KS	3	0	18	1988.55	1989.45
1990	KS	3	0	50	1989.55	1990.45
1991	KS	3	0	42	1990.55	1991.45
1992	KS	3	0	42	1991.55	1992.45
1993	KS	3	0	53	1992.55	1993.45
1994	KS	3	0	25	1993.55	1994.45
1995	KS	3	0	39	1994.55	1995.45
1996	KS	3	0	68	1995.55	1996.45
1997	KS	3	0	64	1996.55	1997.45
1998	KS	3	0	71	1997.55	1998.45
1999	KS	3	0	64	1998.55	1999.45
2000	KS	3	0	59	1999.55	2000.45
2001	KS	3	0	101	2000.55	2001.45
2002	KS	3	0	96	2001.55	2002.45
2003	KS	3	0	97	2002.55	2003.45
2004	KS	3	0	124	2003.55	2004.45
2005	KS	3	0	136	2004.55	2005.45
2006	KS	3	0	95	2005.55	2006.45
2007	KS	3	0	142	2006.55	2007.45
2008	KS	3	0	179	2007.55	2008.45
2009	KS	3	0	103	2008.55	2009.45
2010	KS	3	0	90	2009.55	2010.45
2011	KS	3	0	68	2010.55	2011.45
2012	KS	3	0	95	2011.55	2012.45
1950	IL	4	0	8	1949.55	1950.45
1951	IL	4	0	5	1950.55	1951.45
1952	IL	4	0	4	1951.55	1952.45
1953	IL	4	0	5	1952.55	1953.45
1954	IL	4	0	6	1953.55	1954.45
1955	IL	4	0	18	1954.55	1955.45
1956	IL	4	0	23	1955.55	1956.45
1957	IL	4	0	32	1956.55	1957.45
1958	IL	4	0	20	1957.55	1958.45
1959	IL	4	0	27	1958.55	1959.45
1960	IL	4	0	30	1959.55	1960.45
1961	IL	4	0	30	1960.55	1961.45
1962	IL	4	0	9	1961.55	1962.45
1963	IL	4	0	11	1962.55	1963.45
1964	IL	4	0	6	1963.55	1964.45
1965	IL	4	0	13	1964.55	1965.45
1966	IL	4	0	5	1965.55	1966.45
1967	IL	4	0	21	1966.55	1967.45
1968	IL	4	0	6	1967.55	1968.45
1969	IL	4	0	6	1968.55	1969.45
1970	IL	4	0	10	1969.55	1970.45
1971	IL	4	0	13	1970.55	1971.45
1972	IL	4	0	26	1971.55	1972.45
1973	IL	4	0	60	1972.55	1973.45
1974	IL	4	0	93	1973.55	1974.45
1975	IL	4	0	31	1974.55	1975.45
1976	IL	4	0	20	1975.55	1976.45
1977	IL	4	0	13	1976.55	1977.45
1978	IL	4	0	8	1977.55	1978.45
1979	IL	4	0	3	1978.55	1979.45
1980	IL	4	0	7	1979.55	1980.45
1981	IL	4	0	27	1980.55	1981.45
1982	IL	4	0	29	1981.55	1982.45
1983	IL	4	0	3	1982.55	1983.45
1984	IL	4	0	20	1983.55	1984.45
1985	IL	4	0	8	1984.55	1985.45
1986	IL	4	0	10	1985.55	1986.45
1987	IL	4	0	8	1986.55	1987.45
1988	IL	4	0	9	1987.55	1988.45
1989	IL	4	0	6	1988.55	1989.45
1990	IL	4	0	34	1989.55	1990.45
1991	IL	4	0	15	1990.55	1991.45
1992	IL	4	0	15	1991.55	1992.45
1993	IL	4	0	17	1992.55	1993.45
1994	IL	4	0	8	1993.55	1994.45
1995	IL	4	0	56	1994.55	1995.45
1996	IL	4	0	62	1995.55	1996.45
1997	IL	4	0	32	1996.55	1997.45
1998	IL	4	0	99	1997.55	1998.45
1999	IL	4	0	64	1998.55	1999.45
2000	IL	4	0	55	1999.55	2000.45
2001	IL	4	0	21	2000.55	2001.45
2002	IL	4	0	37	2001.55	2002.45
2003	IL	4	0	123	2002.55	2003.45
2004	IL	4	0	80	2003.55	2004.45
2005	IL	4	0	21	2004.55	2005.45
2006	IL	4	0	124	2005.55	2006.45
2007	IL	4	0	23	2006.55	2007.45
2008	IL	4	0	49	2007.55	2008.45
2009	IL	4	0	53	2008.55	2009.45
2010	IL	4	0	49	2009.55	2010.45
2011	IL	4	0	73	2010.55	2011.45
2012	IL	4	0	32	2011.55	2012.45
1950	MS	5	0	10	1949.55	1950.45
1951	MS	5	0	5	1950.55	1951.45
1952	MS	5	0	5	1951.55	1952.45
1953	MS	5	0	17	1952.55	1953.45
1954	MS	5	0	11	1953.55	1954.45
1955	MS	5	0	4	1954.55	1955.45
1956	MS	5	0	6	1955.55	1956.45
1957	MS	5	0	24	1956.55	1957.45
1958	MS	5	0	12	1957.55	1958.45
1959	MS	5	0	16	1958.55	1959.45
1960	MS	5	0	5	1959.55	1960.45
1961	MS	5	0	13	1960.55	1961.45
1962	MS	5	0	13	1961.55	1962.45
1963	MS	5	0	6	1962.55	1963.45
1964	MS	5	0	4	1963.55	1964.45
1965	MS	5	0	15	1964.55	1965.45
1966	MS	5	0	13	1965.55	1966.45
1967	MS	5	0	11	1966.55	1967.45
1968	MS	5	0	14	1967.55	1968.45
1969	MS	5	0	21	1968.55	1969.45
1970	MS	5	0	18	1969.55	1970.45
1971	MS	5	0	34	1970.55	1971.45
1972	MS	5	0	14	1971.55	1972.45
1973	MS	5	0	35	1972.55	1973.45
1974	MS	5	0	29	1973.55	1974.45
1975	MS	5	0	17	1974.55	1975.45
1976	MS	5	0	26	1975.55	1976.45
1977	MS	5	0	28	1976.55	1977.45
1978	MS	5	0	9	1977.55	1978.45
1979	MS	5	0	1	1978.55	1979.45
1980	MS	5	0	15	1979.55	1980.45
1981	MS	5	0	4	1980.55	1981.45
1982	MS	5	0	8	1981.55	1982.45
1983	MS	5	0	6	1982.55	1983.45
1984	MS	5	0	6	1983.55	1984.45
1985	MS	5	0	5	1984.55	1985.45
1986	MS	5	0	14	1985.55	1986.45
1987	MS	5	0	26	1986.55	1987.45
1988	MS	5	0	29	1987.55	1988.45
1989	MS	5	0	13	1988.55	1989.45
1990	MS	5	0	11	1989.55	1990.45
1991	MS	5	0	4	1990.55	1991.45
1992	MS	5	0	19	1991.55	1992.45
1993	MS	5	0	3	1992.55	1993.45
1994	MS	5	0	14	1993.55	1994.45
1995	MS	5	0	16	1994.55	1995.45
1996	MS	5	0	27	1995.55	1996.45
1997	MS	5	0	35	1996.55	1997.45
1998	MS	5	0	14	1997.55	1998.45
1999	MS	5	0	44	1998.55	1999.45
2000	MS	5	0	27	1999.55	2000.45
2001	MS	5	0	60	2000.55	2001.45
2002	MS	5	0	32	2001.55	2002.45
2003	MS	5	0	51	2002.55	2003.45
2004	MS	5	0	55	2003.55	2004.45
2005	MS	5	0	105	2004.55	2005.45
2006	MS	5	0	33	2005.55	2006.45
2007	MS	5	0	33	2006.55	2007.45
2008	MS	5	0	110	2007.55	2008.45
2009	MS	5	0	46	2008.55	2009.45
2010	MS	5	0	42	2009.55	2010.45
2011	MS	5	0	106	2010.55	2011.45
2012	MS	5	0	48	2011.55	2012.45
1950	AL	6	0	1	1949.55	1950.45
1951	AL	6	0	3	1950.55	1951.45
1952	AL	6	0	7	1951.55	1952.45
1953	AL	6	0	11	1952.55	1953.45
1954	AL	6	0	10	1953.55	1954.45
1955	AL	6	0	4	1954.55	1955.45
1956	AL	6	0	5	1955.55	1956.45
1957	AL	6	0	41	1956.55	1957.45
1958	AL	6	0	15	1957.55	1958.45
1959	AL	6	0	7	1958.55	1959.45
1960	AL	6	0	8	1959.55	1960.45
1961	AL	6	0	18	1960.55	1961.45
1962	AL	6	0	7	1961.55	1962.45
1963	AL	6	0	21	1962.55	1963.45
1964	AL	6	0	26	1963.55	1964.45
1965	AL	6	0	8	1964.55	1965.45
1966	AL	6	0	8	1965.55	1966.45
1967	AL	6	0	20	1966.55	1967.45
1968	AL	6	0	7	1967.55	1968.45
1969	AL	6	0	9	1968.55	1969.45
1970	AL	6	0	10	1969.55	1970.45
1971	AL	6	0	11	1970.55	1971.45
1972	AL	6	0	8	1971.55	1972.45
1973	AL	6	0	32	1972.55	1973.45
1974	AL	6	0	30	1973.55	1974.45
1975	AL	6	0	19	1974.55	1975.45
1976	AL	6	0	15	1975.55	1976.45
1977	AL	6	0	13	1976.55	1977.45
1978	AL	6	0	9	1977.55	1978.45
1979	AL	6	0	14	1978.55	1979.45
1980	AL	6	0	22	1979.55	1980.45
1981	AL	6	0	7	1980.55	1981.45
1982	AL	6	0	9	1981.55	1982.45
1983	AL	6	0	28	1982.55	1983.45
1984	AL	6	0	26	1983.55	1984.45
1985	AL	6	0	28	1984.55	1985.45
1986	AL	6	0	12	1985.55	1986.45
1987	AL	6	0	1	1986.55	1987.45
1988	AL	6	0	7	1987.55	1988.45
1989	AL	6	0	10	1988.55	1989.45
1990	AL	6	0	4	1989.55	1990.45
1992	AL	6	0	16	1991.55	1992.45
1993	AL	6	0	2	1992.55	1993.45
1994	AL	6	0	12	1993.55	1994.45
1995	AL	6	0	25	1994.55	1995.45
1996	AL	6	0	33	1995.55	1996.45
1997	AL	6	0	30	1996.55	1997.45
1998	AL	6	0	50	1997.55	1998.45
1999	AL	6	0	23	1998.55	1999.45
2000	AL	6	0	44	1999.55	2000.45
2001	AL	6	0	55	2000.55	2001.45
2002	AL	6	0	38	2001.55	2002.45
2003	AL	6	0	42	2002.55	2003.45
2004	AL	6	0	59	2003.55	2004.45
2005	AL	6	0	81	2004.55	2005.45
2006	AL	6	0	70	2005.55	2006.45
2007	AL	6	0	43	2006.55	2007.45
2008	AL	6	0	94	2007.55	2008.45
2009	AL	6	0	80	2008.55	2009.45
2010	AL	6	0	39	2009.55	2010.45
2011	AL	6	0	152	2010.55	2011.45
2012	AL	6	0	56	2011.55	2012.45
1950	IA	7	0	3	1949.55	1950.45
1951	IA	7	0	2	1950.55	1951.45
1952	IA	7	0	6	1951.55	1952.45
1953	IA	7	0	24	1952.55	1953.45
1954	IA	7	0	16	1953.55	1954.45
1955	IA	7	0	5	1954.55	1955.45
1956	IA	7	0	7	1955.55	1956.45
1957	IA	7	0	8	1956.55	1957.45
1958	IA	7	0	8	1957.55	1958.45
1959	IA	7	0	15	1958.55	1959.45
1960	IA	7	0	13	1959.55	1960.45
1961	IA	7	0	7	1960.55	1961.45
1962	IA	7	0	8	1961.55	1962.45
1963	IA	7	0	12	1962.55	1963.45
1964	IA	7	0	31	1963.55	1964.45
1965	IA	7	0	27	1964.55	1965.45
1966	IA	7	0	16	1965.55	1966.45
1967	IA	7	0	35	1966.55	1967.45
1968	IA	7	0	10	1967.55	1968.45
1969	IA	7	0	14	1968.55	1969.45
1970	IA	7	0	10	1969.55	1970.45
1971	IA	7	0	28	1970.55	1971.45
1972	IA	7	0	14	1971.55	1972.45
1973	IA	7	0	10	1972.55	1973.45
1974	IA	7	0	20	1973.55	1974.45
1975	IA	7	0	35	1974.55	1975.45
1976	IA	7	0	14	1975.55	1976.45
1977	IA	7	0	5	1976.55	1977.45
1978	IA	7	0	8	1977.55	1978.45
1979	IA	7	0	26	1978.55	1979.45
1980	IA	7	0	25	1979.55	1980.45
1981	IA	7	0	27	1980.55	1981.45
1982	IA	7	0	16	1981.55	1982.45
1983	IA	7	0	18	1982.55	1983.45
1984	IA	7	0	49	1983.55	1984.45
1985	IA	7	0	16	1984.55	1985.45
1986	IA	7	0	29	1985.55	1986.45
1987	IA	7	0	15	1986.55	1987.45
1988	IA	7	0	21	1987.55	1988.45
1989	IA	7	0	16	1988.55	1989.45
1990	IA	7	0	44	1989.55	1990.45
1991	IA	7	0	37	1990.55	1991.45
1992	IA	7	0	19	1991.55	1992.45
1993	IA	7	0	28	1992.55	1993.45
1994	IA	7	0	29	1993.55	1994.45
1995	IA	7	0	28	1994.55	1995.45
1996	IA	7	0	22	1995.55	1996.45
1997	IA	7	0	25	1996.55	1997.45
1998	IA	7	0	72	1997.55	1998.45
1999	IA	7	0	59	1998.55	1999.45
2000	IA	7	0	45	1999.55	2000.45
2001	IA	7	0	105	2000.55	2001.45
2002	IA	7	0	31	2001.55	2002.45
2003	IA	7	0	28	2002.55	2003.45
2004	IA	7	0	121	2003.55	2004.45
2005	IA	7	0	44	2004.55	2005.45
2006	IA	7	0	39	2005.55	2006.45
2007	IA	7	0	43	2006.55	2007.45
2008	IA	7	0	104	2007.55	2008.45
2009	IA	7	0	25	2008.55	2009.45
2010	IA	7	0	33	2009.55	2010.45
2011	IA	7	0	52	2010.55	2011.45
2012	IA	7	0	16	2011.55	2012.45
1950	IN	8	0	2	1949.55	1950.45
1951	IN	8	0	2	1950.55	1951.45
1952	IN	8	0	2	1951.55	1952.45
1953	IN	8	0	6	1952.55	1953.45
1954	IN	8	0	28	1953.55	1954.45
1955	IN	8	0	12	1954.55	1955.45
1956	IN	8	0	21	1955.55	1956.45
1957	IN	8	0	26	1956.55	1957.45
1958	IN	8	0	21	1957.55	1958.45
1959	IN	8	0	8	1958.55	1959.45
1960	IN	8	0	8	1959.55	1960.45
1961	IN	8	0	26	1960.55	1961.45
1962	IN	8	0	11	1961.55	1962.45
1963	IN	8	0	23	1962.55	1963.45
1964	IN	8	0	7	1963.55	1964.45
1965	IN	8	0	34	1964.55	1965.45
1966	IN	8	0	10	1965.55	1966.45
1967	IN	8	0	23	1966.55	1967.45
1968	IN	8	0	14	1967.55	1968.45
1969	IN	8	0	17	1968.55	1969.45
1970	IN	8	0	8	1969.55	1970.45
1971	IN	8	0	10	1970.55	1971.45
1972	IN	8	0	4	1971.55	1972.45
1973	IN	8	0	31	1972.55	1973.45
1974	IN	8	0	25	1973.55	1974.45
1975	IN	8	0	10	1974.55	1975.45
1976	IN	8	0	27	1975.55	1976.45
1977	IN	8	0	5	1976.55	1977.45
1978	IN	8	0	11	1977.55	1978.45
1979	IN	8	0	14	1978.55	1979.45
1980	IN	8	0	30	1979.55	1980.45
1981	IN	8	0	8	1980.55	1981.45
1982	IN	8	0	3	1981.55	1982.45
1983	IN	8	0	5	1982.55	1983.45
1984	IN	8	0	4	1983.55	1984.45
1985	IN	8	0	1	1984.55	1985.45
1986	IN	8	0	13	1985.55	1986.45
1987	IN	8	0	1	1986.55	1987.45
1988	IN	8	0	7	1987.55	1988.45
1989	IN	8	0	10	1988.55	1989.45
1990	IN	8	0	38	1989.55	1990.45
1991	IN	8	0	7	1990.55	1991.45
1992	IN	8	0	36	1991.55	1992.45
1993	IN	8	0	7	1992.55	1993.45
1994	IN	8	0	10	1993.55	1994.45
1995	IN	8	0	6	1994.55	1995.45
1996	IN	8	0	30	1995.55	1996.45
1997	IN	8	0	15	1996.55	1997.45
1998	IN	8	0	34	1997.55	1998.45
1999	IN	8	0	10	1998.55	1999.45
2000	IN	8	0	13	1999.55	2000.45
2001	IN	8	0	24	2000.55	2001.45
2002	IN	8	0	16	2001.55	2002.45
2003	IN	8	0	25	2002.55	2003.45
2004	IN	8	0	47	2003.55	2004.45
2005	IN	8	0	16	2004.55	2005.45
2006	IN	8	0	25	2005.55	2006.45
2007	IN	8	0	18	2006.55	2007.45
2008	IN	8	0	30	2007.55	2008.45
2009	IN	8	0	11	2008.55	2009.45
2010	IN	8	0	27	2009.55	2010.45
2011	IN	8	0	73	2010.55	2011.45
2012	IN	8	0	19	2011.55	2012.45
1950	LA	9	0	8	1949.55	1950.45
1951	LA	9	0	2	1950.55	1951.45
1952	LA	9	0	4	1951.55	1952.45
1953	LA	9	0	14	1952.55	1953.45
1954	LA	9	0	3	1953.55	1954.45
1955	LA	9	0	1	1954.55	1955.45
1956	LA	9	0	2	1955.55	1956.45
1957	LA	9	0	10	1956.55	1957.45
1958	LA	9	0	5	1957.55	1958.45
1959	LA	9	0	6	1958.55	1959.45
1960	LA	9	0	5	1959.55	1960.45
1961	LA	9	0	14	1960.55	1961.45
1962	LA	9	0	2	1961.55	1962.45
1963	LA	9	0	4	1962.55	1963.45
1964	LA	9	0	6	1963.55	1964.45
1965	LA	9	0	9	1964.55	1965.45
1966	LA	9	0	6	1965.55	1966.45
1967	LA	9	0	4	1966.55	1967.45
1968	LA	9	0	2	1967.55	1968.45
1969	LA	9	0	4	1968.55	1969.45
1970	LA	9	0	3	1969.55	1970.45
1971	LA	9	0	11	1970.55	1971.45
1972	LA	9	0	5	1971.55	1972.45
1973	LA	9	0	14	1972.55	1973.45
1974	LA	9	0	37	1973.55	1974.45
1975	LA	9	0	29	1974.55	1975.45
1976	LA	9	0	11	1975.55	1976.45
1977	LA	9	0	29	1976.55	1977.45
1978	LA	9	0	18	1977.55	1978.45
1979	LA	9	0	6	1978.55	1979.45
1980	LA	9	0	7	1979.55	1980.45
1981	LA	9	0	16	1980.55	1981.45
1982	LA	9	0	21	1981.55	1982.45
1983	LA	9	0	30	1982.55	1983.45
1984	LA	9	0	18	1983.55	1984.45
1985	LA	9	0	9	1984.55	1985.45
1986	LA	9	0	15	1985.55	1986.45
1987	LA	9	0	6	1986.55	1987.45
1989	LA	9	0	13	1988.55	1989.45
1990	LA	9	0	13	1989.55	1990.45
1991	LA	9	0	6	1990.55	1991.45
1992	LA	9	0	32	1991.55	1992.45
1993	LA	9	0	8	1992.55	1993.45
1995	LA	9	0	18	1994.55	1995.45
1996	LA	9	0	18	1995.55	1996.45
1997	LA	9	0	19	1996.55	1997.45
1998	LA	9	0	26	1997.55	1998.45
1999	LA	9	0	66	1998.55	1999.45
2000	LA	9	0	43	1999.55	2000.45
2001	LA	9	0	34	2000.55	2001.45
2002	LA	9	0	34	2001.55	2002.45
2003	LA	9	0	23	2002.55	2003.45
2004	LA	9	0	29	2003.55	2004.45
2005	LA	9	0	23	2004.55	2005.45
2006	LA	9	0	43	2005.55	2006.45
2007	LA	9	0	24	2006.55	2007.45
2008	LA	9	0	74	2007.55	2008.45
2009	LA	9	0	76	2008.55	2009.45
2010	LA	9	0	26	2009.55	2010.45
2011	LA	9	0	62	2010.55	2011.45
2012	LA	9	0	45	2011.55	2012.45
1950	AR	10	0	9	1949.55	1950.45
1951	AR	10	0	2	1950.55	1951.45
1952	AR	10	0	22	1951.55	1952.45
1953	AR	10	0	9	1952.55	1953.45
1954	AR	10	0	15	1953.55	1954.45
1955	AR	10	0	15	1954.55	1955.45
1956	AR	10	0	8	1955.55	1956.45
1957	AR	10	0	19	1956.55	1957.45
1958	AR	10	0	6	1957.55	1958.45
1959	AR	10	0	8	1958.55	1959.45
1960	AR	10	0	21	1959.55	1960.45
1961	AR	10	0	23	1960.55	1961.45
1962	AR	10	0	3	1961.55	1962.45
1963	AR	10	0	1	1962.55	1963.45
1964	AR	10	0	20	1963.55	1964.45
1965	AR	10	0	17	1964.55	1965.45
1966	AR	10	0	4	1965.55	1966.45
1967	AR	10	0	7	1966.55	1967.45
1968	AR	10	0	13	1967.55	1968.45
1969	AR	10	0	2	1968.55	1969.45
1970	AR	10	0	11	1969.55	1970.45
1971	AR	10	0	14	1970.55	1971.45
1972	AR	10	0	5	1971.55	1972.45
1973	AR	10	0	30	1972.55	1973.45
1974	AR	10	0	7	1973.55	1974.45
1975	AR	10	0	8	1974.55	1975.45
1976	AR	10	0	12	1975.55	1976.45
1977	AR	10	0	9	1976.55	1977.45
1978	AR	10	0	34	1977.55	1978.45
1979	AR	10	0	25	1978.55	1979.45
1980	AR	10	0	15	1979.55	1980.45
1981	AR	10	0	8	1980.55	1981.45
1982	AR	10	0	50	1981.55	1982.45
1983	AR	10	0	8	1982.55	1983.45
1984	AR	10	0	18	1983.55	1984.45
1985	AR	10	0	6	1984.55	1985.45
1986	AR	10	0	1	1985.55	1986.45
1987	AR	10	0	2	1986.55	1987.45
1988	AR	10	0	9	1987.55	1988.45
1989	AR	10	0	6	1988.55	1989.45
1990	AR	10	0	6	1989.55	1990.45
1991	AR	10	0	6	1990.55	1991.45
1992	AR	10	0	2	1991.55	1992.45
1993	AR	10	0	9	1992.55	1993.45
1994	AR	10	0	9	1993.55	1994.45
1995	AR	10	0	11	1994.55	1995.45
1996	AR	10	0	29	1995.55	1996.45
1997	AR	10	0	45	1996.55	1997.45
1998	AR	10	0	36	1997.55	1998.45
1999	AR	10	0	108	1998.55	1999.45
2000	AR	10	0	37	1999.55	2000.45
2001	AR	10	0	40	2000.55	2001.45
2002	AR	10	0	35	2001.55	2002.45
2003	AR	10	0	63	2002.55	2003.45
2004	AR	10	0	48	2003.55	2004.45
2005	AR	10	0	69	2004.55	2005.45
2006	AR	10	0	26	2005.55	2006.45
2007	AR	10	0	16	2006.55	2007.45
2008	AR	10	0	82	2007.55	2008.45
2009	AR	10	0	49	2008.55	2009.45
2010	AR	10	0	35	2009.55	2010.45
2011	AR	10	0	78	2010.55	2011.45
2012	AR	10	0	18	2011.55	2012.45
1952	MD	11	0	1	1951.55	1952.45
1954	MD	11	0	2	1953.55	1954.45
1959	MD	11	0	1	1958.55	1959.45
1961	MD	11	0	2	1960.55	1961.45
1962	MD	11	0	1	1961.55	1962.45
1963	MD	11	0	1	1962.55	1963.45
1965	MD	11	0	1	1964.55	1965.45
1967	MD	11	0	2	1966.55	1967.45
1971	MD	11	0	3	1970.55	1971.45
1973	MD	11	0	3	1972.55	1973.45
1974	MD	11	0	2	1973.55	1974.45
1975	MD	11	0	5	1974.55	1975.45
1976	MD	11	0	2	1975.55	1976.45
1977	MD	11	0	1	1976.55	1977.45
1978	MD	11	0	3	1977.55	1978.45
1979	MD	11	0	1	1978.55	1979.45
1980	MD	11	0	2	1979.55	1980.45
1983	MD	11	0	2	1982.55	1983.45
1984	MD	11	0	5	1983.55	1984.45
1989	MD	11	0	1	1988.55	1989.45
1990	MD	11	0	6	1989.55	1990.45
1992	MD	11	0	9	1991.55	1992.45
1993	MD	11	0	2	1992.55	1993.45
1994	MD	11	0	6	1993.55	1994.45
1995	MD	11	0	6	1994.55	1995.45
1996	MD	11	0	23	1995.55	1996.45
1997	MD	11	0	4	1996.55	1997.45
1998	MD	11	0	11	1997.55	1998.45
1999	MD	11	0	3	1998.55	1999.45
2000	MD	11	0	8	1999.55	2000.45
2001	MD	11	0	10	2000.55	2001.45
2002	MD	11	0	14	2001.55	2002.45
2003	MD	11	0	10	2002.55	2003.45
2004	MD	11	0	20	2003.55	2004.45
2006	MD	11	0	3	2005.55	2006.45
2007	MD	11	0	2	2006.55	2007.45
2008	MD	11	0	8	2007.55	2008.45
2009	MD	11	0	10	2008.55	2009.45
2010	MD	11	0	4	2009.55	2010.45
2011	MD	11	0	27	2010.55	2011.45
2012	MD	11	0	16	2011.55	2012.45
1950	NE	12	0	5	1949.55	1950.45
1951	NE	12	0	7	1950.55	1951.45
1952	NE	12	0	6	1951.55	1952.45
1953	NE	12	0	25	1952.55	1953.45
1954	NE	12	0	9	1953.55	1954.45
1955	NE	12	0	26	1954.55	1955.45
1956	NE	12	0	18	1955.55	1956.45
1957	NE	12	0	27	1956.55	1957.45
1958	NE	12	0	22	1957.55	1958.45
1959	NE	12	0	23	1958.55	1959.45
1960	NE	12	0	24	1959.55	1960.45
1961	NE	12	0	8	1960.55	1961.45
1962	NE	12	0	30	1961.55	1962.45
1963	NE	12	0	8	1962.55	1963.45
1964	NE	12	0	31	1963.55	1964.45
1965	NE	12	0	31	1964.55	1965.45
1966	NE	12	0	6	1965.55	1966.45
1967	NE	12	0	22	1966.55	1967.45
1968	NE	12	0	9	1967.55	1968.45
1969	NE	12	0	14	1968.55	1969.45
1970	NE	12	0	9	1969.55	1970.45
1971	NE	12	0	52	1970.55	1971.45
1972	NE	12	0	24	1971.55	1972.45
1973	NE	12	0	17	1972.55	1973.45
1974	NE	12	0	29	1973.55	1974.45
1975	NE	12	0	44	1974.55	1975.45
1976	NE	12	0	12	1975.55	1976.45
1977	NE	12	0	13	1976.55	1977.45
1978	NE	12	0	4	1977.55	1978.45
1979	NE	12	0	14	1978.55	1979.45
1980	NE	12	0	28	1979.55	1980.45
1981	NE	12	0	10	1980.55	1981.45
1982	NE	12	0	18	1981.55	1982.45
1983	NE	12	0	11	1982.55	1983.45
1984	NE	12	0	31	1983.55	1984.45
1985	NE	12	0	19	1984.55	1985.45
1986	NE	12	0	39	1985.55	1986.45
1987	NE	12	0	10	1986.55	1987.45
1988	NE	12	0	8	1987.55	1988.45
1989	NE	12	0	24	1988.55	1989.45
1990	NE	12	0	41	1989.55	1990.45
1991	NE	12	0	27	1990.55	1991.45
1992	NE	12	0	42	1991.55	1992.45
1993	NE	12	0	33	1992.55	1993.45
1994	NE	12	0	32	1993.55	1994.45
1995	NE	12	0	19	1994.55	1995.45
1996	NE	12	0	60	1995.55	1996.45
1997	NE	12	0	31	1996.55	1997.45
1998	NE	12	0	65	1997.55	1998.45
1999	NE	12	0	103	1998.55	1999.45
2000	NE	12	0	60	1999.55	2000.45
2001	NE	12	0	62	2000.55	2001.45
2002	NE	12	0	27	2001.55	2002.45
2003	NE	12	0	81	2002.55	2003.45
2004	NE	12	0	111	2003.55	2004.45
2005	NE	12	0	40	2004.55	2005.45
2006	NE	12	0	22	2005.55	2006.45
2007	NE	12	0	47	2006.55	2007.45
2008	NE	12	0	58	2007.55	2008.45
2009	NE	12	0	39	2008.55	2009.45
2010	NE	12	0	37	2009.55	2010.45
2011	NE	12	0	55	2010.55	2011.45
2012	NE	12	0	43	2011.55	2012.45
1951	SC	13	0	1	1950.55	1951.45
1952	SC	13	0	1	1951.55	1952.45
1953	SC	13	0	3	1952.55	1953.45
1955	SC	13	0	2	1954.55	1955.45
1956	SC	13	0	2	1955.55	1956.45
1957	SC	13	0	5	1956.55	1957.45
1958	SC	13	0	1	1957.55	1958.45
1959	SC	13	0	1	1958.55	1959.45
1960	SC	13	0	3	1959.55	1960.45
1961	SC	13	0	3	1960.55	1961.45
1962	SC	13	0	1	1961.55	1962.45
1963	SC	13	0	3	1962.55	1963.45
1964	SC	13	0	7	1963.55	1964.45
1965	SC	13	0	6	1964.55	1965.45
1966	SC	13	0	3	1965.55	1966.45
1967	SC	13	0	5	1966.55	1967.45
1969	SC	13	0	7	1968.55	1969.45
1971	SC	13	0	2	1970.55	1971.45
1972	SC	13	0	4	1971.55	1972.45
1973	SC	13	0	15	1972.55	1973.45
1974	SC	13	0	1	1973.55	1974.45
1975	SC	13	0	5	1974.55	1975.45
1976	SC	13	0	7	1975.55	1976.45
1977	SC	13	0	3	1976.55	1977.45
1978	SC	13	0	3	1977.55	1978.45
1979	SC	13	0	2	1978.55	1979.45
1980	SC	13	0	5	1979.55	1980.45
1981	SC	13	0	3	1980.55	1981.45
1982	SC	13	0	5	1981.55	1982.45
1983	SC	13	0	5	1982.55	1983.45
1984	SC	13	0	15	1983.55	1984.45
1985	SC	13	0	4	1984.55	1985.45
1989	SC	13	0	8	1988.55	1989.45
1990	SC	13	0	10	1989.55	1990.45
1991	SC	13	0	3	1990.55	1991.45
1992	SC	13	0	5	1991.55	1992.45
1993	SC	13	0	6	1992.55	1993.45
1994	SC	13	0	31	1993.55	1994.45
1995	SC	13	0	29	1994.55	1995.45
1996	SC	13	0	24	1995.55	1996.45
1997	SC	13	0	17	1996.55	1997.45
1998	SC	13	0	42	1997.55	1998.45
1999	SC	13	0	17	1998.55	1999.45
2000	SC	13	0	20	1999.55	2000.45
2001	SC	13	0	14	2000.55	2001.45
2002	SC	13	0	12	2001.55	2002.45
2003	SC	13	0	18	2002.55	2003.45
2004	SC	13	0	87	2003.55	2004.45
2005	SC	13	0	14	2004.55	2005.45
2006	SC	13	0	36	2005.55	2006.45
2007	SC	13	0	18	2006.55	2007.45
2008	SC	13	0	49	2007.55	2008.45
2009	SC	13	0	19	2008.55	2009.45
2010	SC	13	0	23	2009.55	2010.45
2011	SC	13	0	20	2010.55	2011.45
2012	SC	13	0	10	2011.55	2012.45
1952	TN	14	0	13	1951.55	1952.45
1953	TN	14	0	6	1952.55	1953.45
1954	TN	14	0	1	1953.55	1954.45
1955	TN	14	0	10	1954.55	1955.45
1956	TN	14	0	6	1955.55	1956.45
1957	TN	14	0	13	1956.55	1957.45
1958	TN	14	0	1	1957.55	1958.45
1959	TN	14	0	3	1958.55	1959.45
1960	TN	14	0	2	1959.55	1960.45
1961	TN	14	0	3	1960.55	1961.45
1962	TN	14	0	1	1961.55	1962.45
1963	TN	14	0	11	1962.55	1963.45
1964	TN	14	0	4	1963.55	1964.45
1965	TN	14	0	9	1964.55	1965.45
1966	TN	14	0	5	1965.55	1966.45
1967	TN	14	0	15	1966.55	1967.45
1968	TN	14	0	11	1967.55	1968.45
1969	TN	14	0	1	1968.55	1969.45
1970	TN	14	0	12	1969.55	1970.45
1971	TN	14	0	12	1970.55	1971.45
1972	TN	14	0	6	1971.55	1972.45
1973	TN	14	0	15	1972.55	1973.45
1974	TN	14	0	38	1973.55	1974.45
1975	TN	14	0	8	1974.55	1975.45
1976	TN	14	0	5	1975.55	1976.45
1977	TN	14	0	11	1976.55	1977.45
1978	TN	14	0	5	1977.55	1978.45
1979	TN	14	0	1	1978.55	1979.45
1980	TN	14	0	11	1979.55	1980.45
1981	TN	14	0	2	1980.55	1981.45
1982	TN	14	0	2	1981.55	1982.45
1983	TN	14	0	2	1982.55	1983.45
1984	TN	14	0	16	1983.55	1984.45
1985	TN	14	0	5	1984.55	1985.45
1986	TN	14	0	1	1985.55	1986.45
1987	TN	14	0	1	1986.55	1987.45
1988	TN	14	0	9	1987.55	1988.45
1989	TN	14	0	5	1988.55	1989.45
1990	TN	14	0	1	1989.55	1990.45
1991	TN	14	0	4	1990.55	1991.45
1992	TN	14	0	2	1991.55	1992.45
1993	TN	14	0	6	1992.55	1993.45
1994	TN	14	0	14	1993.55	1994.45
1995	TN	14	0	19	1994.55	1995.45
1996	TN	14	0	17	1995.55	1996.45
1997	TN	14	0	37	1996.55	1997.45
1998	TN	14	0	33	1997.55	1998.45
1999	TN	14	0	23	1998.55	1999.45
2000	TN	14	0	27	1999.55	2000.45
2001	TN	14	0	14	2000.55	2001.45
2002	TN	14	0	31	2001.55	2002.45
2003	TN	14	0	45	2002.55	2003.45
2004	TN	14	0	16	2003.55	2004.45
2005	TN	14	0	23	2004.55	2005.45
2006	TN	14	0	26	2005.55	2006.45
2007	TN	14	0	11	2006.55	2007.45
2008	TN	14	0	43	2007.55	2008.45
2009	TN	14	0	46	2008.55	2009.45
2010	TN	14	0	31	2009.55	2010.45
2011	TN	14	0	103	2010.55	2011.45
2012	TN	14	0	29	2011.55	2012.45
1950	MO	15	0	4	1949.55	1950.45
1951	MO	15	0	3	1950.55	1951.45
1952	MO	15	0	7	1951.55	1952.45
1953	MO	15	0	2	1952.55	1953.45
1954	MO	15	0	20	1953.55	1954.45
1955	MO	15	0	15	1954.55	1955.45
1956	MO	15	0	14	1955.55	1956.45
1957	MO	15	0	20	1956.55	1957.45
1958	MO	15	0	12	1957.55	1958.45
1959	MO	15	0	17	1958.55	1959.45
1960	MO	15	0	14	1959.55	1960.45
1961	MO	15	0	20	1960.55	1961.45
1962	MO	15	0	9	1961.55	1962.45
1963	MO	15	0	2	1962.55	1963.45
1964	MO	15	0	9	1963.55	1964.45
1965	MO	15	0	15	1964.55	1965.45
1966	MO	15	0	18	1965.55	1966.45
1967	MO	15	0	47	1966.55	1967.45
1968	MO	15	0	15	1967.55	1968.45
1969	MO	15	0	14	1968.55	1969.45
1970	MO	15	0	25	1969.55	1970.45
1971	MO	15	0	16	1970.55	1971.45
1972	MO	15	0	9	1971.55	1972.45
1973	MO	15	0	32	1972.55	1973.45
1974	MO	15	0	13	1973.55	1974.45
1975	MO	15	0	10	1974.55	1975.45
1976	MO	15	0	3	1975.55	1976.45
1977	MO	15	0	12	1976.55	1977.45
1978	MO	15	0	3	1977.55	1978.45
1979	MO	15	0	6	1978.55	1979.45
1980	MO	15	0	7	1979.55	1980.45
1981	MO	15	0	11	1980.55	1981.45
1982	MO	15	0	29	1981.55	1982.45
1983	MO	15	0	9	1982.55	1983.45
1984	MO	15	0	17	1983.55	1984.45
1985	MO	15	0	2	1984.55	1985.45
1986	MO	15	0	9	1985.55	1986.45
1987	MO	15	0	1	1986.55	1987.45
1988	MO	15	0	5	1987.55	1988.45
1990	MO	15	0	5	1989.55	1990.45
1991	MO	15	0	3	1990.55	1991.45
1992	MO	15	0	4	1991.55	1992.45
1993	MO	15	0	13	1992.55	1993.45
1994	MO	15	0	5	1993.55	1994.45
1995	MO	15	0	22	1994.55	1995.45
1996	MO	15	0	29	1995.55	1996.45
1997	MO	15	0	12	1996.55	1997.45
1998	MO	15	0	23	1997.55	1998.45
1999	MO	15	0	43	1998.55	1999.45
2000	MO	15	0	27	1999.55	2000.45
2001	MO	15	0	40	2000.55	2001.45
2002	MO	15	0	28	2001.55	2002.45
2003	MO	15	0	86	2002.55	2003.45
2004	MO	15	0	71	2003.55	2004.45
2005	MO	15	0	39	2004.55	2005.45
2006	MO	15	0	105	2005.55	2006.45
2007	MO	15	0	42	2006.55	2007.45
2008	MO	15	0	95	2007.55	2008.45
2009	MO	15	0	44	2008.55	2009.45
2010	MO	15	0	64	2009.55	2010.45
2011	MO	15	0	79	2010.55	2011.45
2012	MO	15	0	30	2011.55	2012.45
1950	TX	16	0	19	1949.55	1950.45
1951	TX	16	0	7	1950.55	1951.45
1952	TX	16	0	6	1951.55	1952.45
1953	TX	16	0	20	1952.55	1953.45
1954	TX	16	0	52	1953.55	1954.45
1955	TX	16	0	67	1954.55	1955.45
1956	TX	16	0	18	1955.55	1956.45
1957	TX	16	0	73	1956.55	1957.45
1958	TX	16	0	38	1957.55	1958.45
1959	TX	16	0	45	1958.55	1959.45
1960	TX	16	0	30	1959.55	1960.45
1961	TX	16	0	49	1960.55	1961.45
1962	TX	16	0	40	1961.55	1962.45
1963	TX	16	0	21	1962.55	1963.45
1964	TX	16	0	26	1963.55	1964.45
1965	TX	16	0	51	1964.55	1965.45
1966	TX	16	0	24	1965.55	1966.45
1967	TX	16	0	75	1966.55	1967.45
1968	TX	16	0	61	1967.55	1968.45
1969	TX	16	0	85	1968.55	1969.45
1970	TX	16	0	51	1969.55	1970.45
1971	TX	16	0	90	1970.55	1971.45
1972	TX	16	0	66	1971.55	1972.45
1973	TX	16	0	89	1972.55	1973.45
1974	TX	16	0	53	1973.55	1974.45
1975	TX	16	0	87	1974.55	1975.45
1976	TX	16	0	117	1975.55	1976.45
1977	TX	16	0	68	1976.55	1977.45
1978	TX	16	0	58	1977.55	1978.45
1979	TX	16	0	114	1978.55	1979.45
1980	TX	16	0	93	1979.55	1980.45
1981	TX	16	0	86	1980.55	1981.45
1982	TX	16	0	119	1981.55	1982.45
1983	TX	16	0	61	1982.55	1983.45
1984	TX	16	0	54	1983.55	1984.45
1985	TX	16	0	46	1984.55	1985.45
1986	TX	16	0	22	1985.55	1986.45
1987	TX	16	0	45	1986.55	1987.45
1988	TX	16	0	18	1987.55	1988.45
1989	TX	16	0	57	1988.55	1989.45
1990	TX	16	0	22	1989.55	1990.45
1991	TX	16	0	49	1990.55	1991.45
1992	TX	16	0	77	1991.55	1992.45
1993	TX	16	0	71	1992.55	1993.45
1994	TX	16	0	137	1993.55	1994.45
1995	TX	16	0	148	1994.55	1995.45
1996	TX	16	0	138	1995.55	1996.45
1997	TX	16	0	191	1996.55	1997.45
1998	TX	16	0	120	1997.55	1998.45
1999	TX	16	0	168	1998.55	1999.45
2000	TX	16	0	148	1999.55	2000.45
2001	TX	16	0	139	2000.55	2001.45
2002	TX	16	0	175	2001.55	2002.45
2003	TX	16	0	160	2002.55	2003.45
2004	TX	16	0	179	2003.55	2004.45
2005	TX	16	0	105	2004.55	2005.45
2006	TX	16	0	116	2005.55	2006.45
2007	TX	16	0	199	2006.55	2007.45
2008	TX	16	0	119	2007.55	2008.45
2009	TX	16	0	132	2008.55	2009.45
2010	TX	16	0	109	2009.55	2010.45
2011	TX	16	0	104	2010.55	2011.45
2012	TX	16	0	115	2011.55	2012.45
1950	NC	17	0	4	1949.55	1950.45
1951	NC	17	0	2	1950.55	1951.45
1952	NC	17	0	4	1951.55	1952.45
1953	NC	17	0	2	1952.55	1953.45
1954	NC	17	0	4	1953.55	1954.45
1955	NC	17	0	5	1954.55	1955.45
1956	NC	17	0	3	1955.55	1956.45
1957	NC	17	0	5	1956.55	1957.45
1958	NC	17	0	2	1957.55	1958.45
1959	NC	17	0	8	1958.55	1959.45
1960	NC	17	0	7	1959.55	1960.45
1961	NC	17	0	2	1960.55	1961.45
1962	NC	17	0	2	1961.55	1962.45
1963	NC	17	0	6	1962.55	1963.45
1964	NC	17	0	9	1963.55	1964.45
1965	NC	17	0	6	1964.55	1965.45
1966	NC	17	0	3	1965.55	1966.45
1967	NC	17	0	5	1966.55	1967.45
1968	NC	17	0	3	1967.55	1968.45
1969	NC	17	0	8	1968.55	1969.45
1970	NC	17	0	1	1969.55	1970.45
1971	NC	17	0	3	1970.55	1971.45
1972	NC	17	0	3	1971.55	1972.45
1973	NC	17	0	34	1972.55	1973.45
1974	NC	17	0	15	1973.55	1974.45
1975	NC	17	0	29	1974.55	1975.45
1976	NC	17	0	14	1975.55	1976.45
1977	NC	17	0	11	1976.55	1977.45
1978	NC	17	0	5	1977.55	1978.45
1979	NC	17	0	7	1978.55	1979.45
1980	NC	17	0	9	1979.55	1980.45
1981	NC	17	0	10	1980.55	1981.45
1982	NC	17	0	5	1981.55	1982.45
1983	NC	17	0	10	1982.55	1983.45
1984	NC	17	0	17	1983.55	1984.45
1985	NC	17	0	2	1984.55	1985.45
1986	NC	17	0	3	1985.55	1986.45
1987	NC	17	0	1	1986.55	1987.45
1988	NC	17	0	5	1987.55	1988.45
1989	NC	17	0	13	1988.55	1989.45
1990	NC	17	0	6	1989.55	1990.45
1991	NC	17	0	10	1990.55	1991.45
1992	NC	17	0	9	1991.55	1992.45
1993	NC	17	0	1	1992.55	1993.45
1994	NC	17	0	10	1993.55	1994.45
1995	NC	17	0	8	1994.55	1995.45
1996	NC	17	0	54	1995.55	1996.45
1997	NC	17	0	10	1996.55	1997.45
1998	NC	17	0	66	1997.55	1998.45
1999	NC	17	0	37	1998.55	1999.45
2000	NC	17	0	23	1999.55	2000.45
2001	NC	17	0	13	2000.55	2001.45
2002	NC	17	0	11	2001.55	2002.45
2003	NC	17	0	36	2002.55	2003.45
2004	NC	17	0	67	2003.55	2004.45
2005	NC	17	0	23	2004.55	2005.45
2006	NC	17	0	31	2005.55	2006.45
2007	NC	17	0	13	2006.55	2007.45
2008	NC	17	0	50	2007.55	2008.45
2009	NC	17	0	33	2008.55	2009.45
2010	NC	17	0	26	2009.55	2010.45
2011	NC	17	0	66	2010.55	2011.45
2012	NC	17	0	23	2011.55	2012.45
1950	KY	18	0	2	1949.55	1950.45
1951	KY	18	0	1	1950.55	1951.45
1952	KY	18	0	3	1951.55	1952.45
1954	KY	18	0	3	1953.55	1954.45
1955	KY	18	0	3	1954.55	1955.45
1956	KY	18	0	8	1955.55	1956.45
1957	KY	18	0	2	1956.55	1957.45
1958	KY	18	0	7	1957.55	1958.45
1959	KY	18	0	2	1958.55	1959.45
1960	KY	18	0	1	1959.55	1960.45
1961	KY	18	0	3	1960.55	1961.45
1962	KY	18	0	2	1961.55	1962.45
1963	KY	18	0	7	1962.55	1963.45
1964	KY	18	0	11	1963.55	1964.45
1965	KY	18	0	8	1964.55	1965.45
1966	KY	18	0	2	1965.55	1966.45
1967	KY	18	0	12	1966.55	1967.45
1968	KY	18	0	7	1967.55	1968.45
1969	KY	18	0	4	1968.55	1969.45
1970	KY	18	0	6	1969.55	1970.45
1971	KY	18	0	15	1970.55	1971.45
1972	KY	18	0	6	1971.55	1972.45
1973	KY	18	0	6	1972.55	1973.45
1974	KY	18	0	31	1973.55	1974.45
1975	KY	18	0	1	1974.55	1975.45
1976	KY	18	0	3	1975.55	1976.45
1977	KY	18	0	5	1976.55	1977.45
1978	KY	18	0	4	1977.55	1978.45
1979	KY	18	0	4	1978.55	1979.45
1980	KY	18	0	11	1979.55	1980.45
1981	KY	18	0	2	1980.55	1981.45
1982	KY	18	0	7	1981.55	1982.45
1984	KY	18	0	7	1983.55	1984.45
1985	KY	18	0	1	1984.55	1985.45
1986	KY	18	0	8	1985.55	1986.45
1988	KY	18	0	3	1987.55	1988.45
1989	KY	18	0	9	1988.55	1989.45
1990	KY	18	0	5	1989.55	1990.45
1991	KY	18	0	4	1990.55	1991.45
1992	KY	18	0	7	1991.55	1992.45
1993	KY	18	0	2	1992.55	1993.45
1994	KY	18	0	7	1993.55	1994.45
1995	KY	18	0	11	1994.55	1995.45
1996	KY	18	0	25	1995.55	1996.45
1997	KY	18	0	39	1996.55	1997.45
1998	KY	18	0	13	1997.55	1998.45
1999	KY	18	0	6	1998.55	1999.45
2000	KY	18	0	23	1999.55	2000.45
2001	KY	18	0	6	2000.55	2001.45
2002	KY	18	0	15	2001.55	2002.45
2003	KY	18	0	36	2002.55	2003.45
2004	KY	18	0	22	2003.55	2004.45
2005	KY	18	0	19	2004.55	2005.45
2006	KY	18	0	20	2005.55	2006.45
2007	KY	18	0	30	2006.55	2007.45
2008	KY	18	0	36	2007.55	2008.45
2009	KY	18	0	33	2008.55	2009.45
2010	KY	18	0	20	2009.55	2010.45
2011	KY	18	0	60	2010.55	2011.45
2012	KY	18	0	46	2011.55	2012.45
1951	SD	19	0	1	1950.55	1951.45
1952	SD	19	0	2	1951.55	1952.45
1953	SD	19	0	9	1952.55	1953.45
1954	SD	19	0	12	1953.55	1954.45
1955	SD	19	0	10	1954.55	1955.45
1956	SD	19	0	8	1955.55	1956.45
1957	SD	19	0	18	1956.55	1957.45
1958	SD	19	0	1	1957.55	1958.45
1959	SD	19	0	11	1958.55	1959.45
1960	SD	19	0	8	1959.55	1960.45
1961	SD	19	0	6	1960.55	1961.45
1962	SD	19	0	31	1961.55	1962.45
1963	SD	19	0	6	1962.55	1963.45
1964	SD	19	0	24	1963.55	1964.45
1965	SD	19	0	42	1964.55	1965.45
1966	SD	19	0	22	1965.55	1966.45
1967	SD	19	0	12	1966.55	1967.45
1968	SD	19	0	16	1967.55	1968.45
1969	SD	19	0	19	1968.55	1969.45
1970	SD	19	0	17	1969.55	1970.45
1971	SD	19	0	42	1970.55	1971.45
1972	SD	19	0	26	1971.55	1972.45
1973	SD	19	0	7	1972.55	1973.45
1974	SD	19	0	13	1973.55	1974.45
1975	SD	19	0	30	1974.55	1975.45
1976	SD	19	0	2	1975.55	1976.45
1977	SD	19	0	2	1976.55	1977.45
1978	SD	19	0	2	1977.55	1978.45
1979	SD	19	0	28	1978.55	1979.45
1980	SD	19	0	31	1979.55	1980.45
1981	SD	19	0	17	1980.55	1981.45
1982	SD	19	0	31	1981.55	1982.45
1983	SD	19	0	14	1982.55	1983.45
1984	SD	19	0	32	1983.55	1984.45
1985	SD	19	0	44	1984.55	1985.45
1986	SD	19	0	21	1985.55	1986.45
1987	SD	19	0	16	1986.55	1987.45
1989	SD	19	0	1	1988.55	1989.45
1990	SD	19	0	2	1989.55	1990.45
1991	SD	19	0	14	1990.55	1991.45
1992	SD	19	0	15	1991.55	1992.45
1993	SD	19	0	49	1992.55	1993.45
1994	SD	19	0	30	1993.55	1994.45
1995	SD	19	0	10	1994.55	1995.45
1996	SD	19	0	46	1995.55	1996.45
1997	SD	19	0	30	1996.55	1997.45
1998	SD	19	0	29	1997.55	1998.45
1999	SD	19	0	41	1998.55	1999.45
2000	SD	19	0	18	1999.55	2000.45
2001	SD	19	0	31	2000.55	2001.45
2002	SD	19	0	12	2001.55	2002.45
2003	SD	19	0	81	2002.55	2003.45
2004	SD	19	0	35	2003.55	2004.45
2005	SD	19	0	19	2004.55	2005.45
2006	SD	19	0	27	2005.55	2006.45
2007	SD	19	0	42	2006.55	2007.45
2008	SD	19	0	27	2007.55	2008.45
2009	SD	19	0	34	2008.55	2009.45
2010	SD	19	0	38	2009.55	2010.45
2011	SD	19	0	19	2010.55	2011.45
2012	SD	19	0	11	2011.55	2012.45
1950	OH	20	0	3	1949.55	1950.45
1951	OH	20	0	2	1950.55	1951.45
1952	OH	20	0	2	1951.55	1952.45
1953	OH	20	0	2	1952.55	1953.45
1954	OH	20	0	10	1953.55	1954.45
1955	OH	20	0	4	1954.55	1955.45
1956	OH	20	0	4	1955.55	1956.45
1957	OH	20	0	3	1956.55	1957.45
1958	OH	20	0	11	1957.55	1958.45
1959	OH	20	0	10	1958.55	1959.45
1960	OH	20	0	4	1959.55	1960.45
1961	OH	20	0	14	1960.55	1961.45
1962	OH	20	0	2	1961.55	1962.45
1963	OH	20	0	15	1962.55	1963.45
1964	OH	20	0	4	1963.55	1964.45
1965	OH	20	0	28	1964.55	1965.45
1966	OH	20	0	2	1965.55	1966.45
1967	OH	20	0	6	1966.55	1967.45
1968	OH	20	0	10	1967.55	1968.45
1969	OH	20	0	11	1968.55	1969.45
1970	OH	20	0	12	1969.55	1970.45
1971	OH	20	0	6	1970.55	1971.45
1972	OH	20	0	4	1971.55	1972.45
1973	OH	20	0	17	1972.55	1973.45
1974	OH	20	0	16	1973.55	1974.45
1975	OH	20	0	6	1974.55	1975.45
1976	OH	20	0	6	1975.55	1976.45
1977	OH	20	0	4	1976.55	1977.45
1978	OH	20	0	8	1977.55	1978.45
1979	OH	20	0	2	1978.55	1979.45
1980	OH	20	0	4	1979.55	1980.45
1981	OH	20	0	14	1980.55	1981.45
1982	OH	20	0	3	1981.55	1982.45
1983	OH	20	0	6	1982.55	1983.45
1985	OH	20	0	16	1984.55	1985.45
1986	OH	20	0	18	1985.55	1986.45
1987	OH	20	0	1	1986.55	1987.45
1989	OH	20	0	7	1988.55	1989.45
1990	OH	20	0	10	1989.55	1990.45
1991	OH	20	0	6	1990.55	1991.45
1992	OH	20	0	44	1991.55	1992.45
1993	OH	20	0	13	1992.55	1993.45
1994	OH	20	0	3	1993.55	1994.45
1995	OH	20	0	5	1994.55	1995.45
1996	OH	20	0	10	1995.55	1996.45
1997	OH	20	0	15	1996.55	1997.45
1998	OH	20	0	24	1997.55	1998.45
1999	OH	20	0	18	1998.55	1999.45
2000	OH	20	0	26	1999.55	2000.45
2001	OH	20	0	8	2000.55	2001.45
2002	OH	20	0	24	2001.55	2002.45
2003	OH	20	0	13	2002.55	2003.45
2004	OH	20	0	8	2003.55	2004.45
2005	OH	20	0	4	2004.55	2005.45
2006	OH	20	0	36	2005.55	2006.45
2007	OH	20	0	12	2006.55	2007.45
2008	OH	20	0	13	2007.55	2008.45
2009	OH	20	0	13	2008.55	2009.45
2010	OH	20	0	41	2009.55	2010.45
2011	OH	20	0	39	2010.55	2011.45
2012	OH	20	0	13	2011.55	2012.45
1950	MN	21	0	1	1949.55	1950.45
1951	MN	21	0	3	1950.55	1951.45
1952	MN	21	0	6	1951.55	1952.45
1953	MN	21	0	7	1952.55	1953.45
1954	MN	21	0	6	1953.55	1954.45
1955	MN	21	0	9	1954.55	1955.45
1956	MN	21	0	8	1955.55	1956.45
1957	MN	21	0	11	1956.55	1957.45
1958	MN	21	0	12	1957.55	1958.45
1959	MN	21	0	9	1958.55	1959.45
1960	MN	21	0	5	1959.55	1960.45
1961	MN	21	0	7	1960.55	1961.45
1962	MN	21	0	10	1961.55	1962.45
1963	MN	21	0	6	1962.55	1963.45
1964	MN	21	0	17	1963.55	1964.45
1965	MN	21	0	22	1964.55	1965.45
1966	MN	21	0	19	1965.55	1966.45
1967	MN	21	0	22	1966.55	1967.45
1968	MN	21	0	29	1967.55	1968.45
1969	MN	21	0	16	1968.55	1969.45
1970	MN	21	0	8	1969.55	1970.45
1971	MN	21	0	13	1970.55	1971.45
1972	MN	21	0	3	1971.55	1972.45
1973	MN	21	0	7	1972.55	1973.45
1974	MN	21	0	8	1973.55	1974.45
1975	MN	21	0	9	1974.55	1975.45
1976	MN	21	0	7	1975.55	1976.45
1977	MN	21	0	15	1976.55	1977.45
1978	MN	21	0	15	1977.55	1978.45
1979	MN	21	0	13	1978.55	1979.45
1980	MN	21	0	11	1979.55	1980.45
1981	MN	21	0	20	1980.55	1981.45
1982	MN	21	0	9	1981.55	1982.45
1983	MN	21	0	7	1982.55	1983.45
1984	MN	21	0	15	1983.55	1984.45
1985	MN	21	0	15	1984.55	1985.45
1986	MN	21	0	6	1985.55	1986.45
1987	MN	21	0	11	1986.55	1987.45
1988	MN	21	0	2	1987.55	1988.45
1989	MN	21	0	9	1988.55	1989.45
1990	MN	21	0	8	1989.55	1990.45
1991	MN	21	0	16	1990.55	1991.45
1992	MN	21	0	27	1991.55	1992.45
1993	MN	21	0	39	1992.55	1993.45
1994	MN	21	0	27	1993.55	1994.45
1995	MN	21	0	28	1994.55	1995.45
1996	MN	21	0	34	1995.55	1996.45
1997	MN	21	0	47	1996.55	1997.45
1998	MN	21	0	59	1997.55	1998.45
1999	MN	21	0	36	1998.55	1999.45
2000	MN	21	0	32	1999.55	2000.45
2001	MN	21	0	73	2000.55	2001.45
2002	MN	21	0	34	2001.55	2002.45
2003	MN	21	0	47	2002.55	2003.45
2004	MN	21	0	59	2003.55	2004.45
2005	MN	21	0	71	2004.55	2005.45
2006	MN	21	0	25	2005.55	2006.45
2007	MN	21	0	18	2006.55	2007.45
2008	MN	21	0	39	2007.55	2008.45
2009	MN	21	0	24	2008.55	2009.45
2010	MN	21	0	114	2009.55	2010.45
2011	MN	21	0	32	2010.55	2011.45
2012	MN	21	0	36	2011.55	2012.45
1950	WI	22	0	4	1949.55	1950.45
1951	WI	22	0	3	1950.55	1951.45
1952	WI	22	0	1	1951.55	1952.45
1953	WI	22	0	2	1952.55	1953.45
1954	WI	22	0	10	1953.55	1954.45
1955	WI	22	0	7	1954.55	1955.45
1956	WI	22	0	6	1955.55	1956.45
1957	WI	22	0	12	1956.55	1957.45
1958	WI	22	0	11	1957.55	1958.45
1959	WI	22	0	11	1958.55	1959.45
1960	WI	22	0	4	1959.55	1960.45
1961	WI	22	0	4	1960.55	1961.45
1962	WI	22	0	5	1961.55	1962.45
1963	WI	22	0	8	1962.55	1963.45
1964	WI	22	0	19	1963.55	1964.45
1965	WI	22	0	9	1964.55	1965.45
1966	WI	22	0	14	1965.55	1966.45
1967	WI	22	0	17	1966.55	1967.45
1968	WI	22	0	9	1967.55	1968.45
1969	WI	22	0	18	1968.55	1969.45
1970	WI	22	0	16	1969.55	1970.45
1971	WI	22	0	16	1970.55	1971.45
1972	WI	22	0	14	1971.55	1972.45
1973	WI	22	0	7	1972.55	1973.45
1974	WI	22	0	9	1973.55	1974.45
1975	WI	22	0	4	1974.55	1975.45
1976	WI	22	0	5	1975.55	1976.45
1977	WI	22	0	9	1976.55	1977.45
1978	WI	22	0	4	1977.55	1978.45
1979	WI	22	0	28	1978.55	1979.45
1980	WI	22	0	27	1979.55	1980.45
1981	WI	22	0	15	1980.55	1981.45
1982	WI	22	0	10	1981.55	1982.45
1983	WI	22	0	11	1982.55	1983.45
1984	WI	22	0	23	1983.55	1984.45
1985	WI	22	0	12	1984.55	1985.45
1986	WI	22	0	8	1985.55	1986.45
1987	WI	22	0	9	1986.55	1987.45
1988	WI	22	0	21	1987.55	1988.45
1989	WI	22	0	5	1988.55	1989.45
1990	WI	22	0	3	1989.55	1990.45
1991	WI	22	0	8	1990.55	1991.45
1992	WI	22	0	12	1991.55	1992.45
1993	WI	22	0	18	1992.55	1993.45
1994	WI	22	0	24	1993.55	1994.45
1995	WI	22	0	5	1994.55	1995.45
1996	WI	22	0	21	1995.55	1996.45
1997	WI	22	0	14	1996.55	1997.45
1998	WI	22	0	24	1997.55	1998.45
1999	WI	22	0	11	1998.55	1999.45
2000	WI	22	0	18	1999.55	2000.45
2001	WI	22	0	12	2000.55	2001.45
2002	WI	22	0	27	2001.55	2002.45
2003	WI	22	0	14	2002.55	2003.45
2004	WI	22	0	36	2003.55	2004.45
2005	WI	22	0	63	2004.55	2005.45
2006	WI	22	0	13	2005.55	2006.45
2007	WI	22	0	18	2006.55	2007.45
2008	WI	22	0	38	2007.55	2008.45
2009	WI	22	0	16	2008.55	2009.45
2010	WI	22	0	48	2009.55	2010.45
2011	WI	22	0	42	2010.55	2011.45
2012	WI	22	0	4	2011.55	2012.45
2001	DC	23	0	1	2000.55	2001.45
1950	GA	24	0	1	1949.55	1950.45
1951	GA	24	0	1	1950.55	1951.45
1952	GA	24	0	8	1951.55	1952.45
1953	GA	24	0	3	1952.55	1953.45
1954	GA	24	0	17	1953.55	1954.45
1955	GA	24	0	9	1954.55	1955.45
1956	GA	24	0	8	1955.55	1956.45
1957	GA	24	0	10	1956.55	1957.45
1958	GA	24	0	2	1957.55	1958.45
1959	GA	24	0	5	1958.55	1959.45
1961	GA	24	0	13	1960.55	1961.45
1962	GA	24	0	2	1961.55	1962.45
1963	GA	24	0	9	1962.55	1963.45
1964	GA	24	0	4	1963.55	1964.45
1965	GA	24	0	5	1964.55	1965.45
1966	GA	24	0	6	1965.55	1966.45
1967	GA	24	0	5	1966.55	1967.45
1968	GA	24	0	6	1967.55	1968.45
1969	GA	24	0	5	1968.55	1969.45
1970	GA	24	0	7	1969.55	1970.45
1971	GA	24	0	22	1970.55	1971.45
1972	GA	24	0	12	1971.55	1972.45
1973	GA	24	0	20	1972.55	1973.45
1974	GA	24	0	17	1973.55	1974.45
1975	GA	24	0	9	1974.55	1975.45
1976	GA	24	0	7	1975.55	1976.45
1977	GA	24	0	5	1976.55	1977.45
1978	GA	24	0	11	1977.55	1978.45
1979	GA	24	0	12	1978.55	1979.45
1980	GA	24	0	18	1979.55	1980.45
1981	GA	24	0	2	1980.55	1981.45
1982	GA	24	0	5	1981.55	1982.45
1983	GA	24	0	10	1982.55	1983.45
1984	GA	24	0	12	1983.55	1984.45
1985	GA	24	0	6	1984.55	1985.45
1986	GA	24	0	6	1985.55	1986.45
1987	GA	24	0	1	1986.55	1987.45
1988	GA	24	0	2	1987.55	1988.45
1989	GA	24	0	22	1988.55	1989.45
1990	GA	24	0	4	1989.55	1990.45
1991	GA	24	0	10	1990.55	1991.45
1992	GA	24	0	13	1991.55	1992.45
1993	GA	24	0	10	1992.55	1993.45
1994	GA	24	0	20	1993.55	1994.45
1995	GA	24	0	14	1994.55	1995.45
1996	GA	24	0	18	1995.55	1996.45
1997	GA	24	0	22	1996.55	1997.45
1998	GA	24	0	38	1997.55	1998.45
1999	GA	24	0	12	1998.55	1999.45
2000	GA	24	0	28	1999.55	2000.45
2001	GA	24	0	12	2000.55	2001.45
2002	GA	24	0	24	2001.55	2002.45
2003	GA	24	0	27	2002.55	2003.45
2004	GA	24	0	45	2003.55	2004.45
2005	GA	24	0	54	2004.55	2005.45
2006	GA	24	0	21	2005.55	2006.45
2007	GA	24	0	42	2006.55	2007.45
2008	GA	24	0	60	2007.55	2008.45
2009	GA	24	0	55	2008.55	2009.45
2010	GA	24	0	11	2009.55	2010.45
2011	GA	24	0	43	2010.55	2011.45
2012	GA	24	0	15	2011.55	2012.45
1950	ND	25	0	1	1949.55	1950.45
1951	ND	25	0	1	1950.55	1951.45
1952	ND	25	0	6	1951.55	1952.45
1953	ND	25	0	7	1952.55	1953.45
1954	ND	25	0	2	1953.55	1954.45
1955	ND	25	0	7	1954.55	1955.45
1956	ND	25	0	5	1955.55	1956.45
1957	ND	25	0	6	1956.55	1957.45
1958	ND	25	0	6	1957.55	1958.45
1959	ND	25	0	4	1958.55	1959.45
1960	ND	25	0	9	1959.55	1960.45
1962	ND	25	0	7	1961.55	1962.45
1963	ND	25	0	5	1962.55	1963.45
1964	ND	25	0	9	1963.55	1964.45
1965	ND	25	0	21	1964.55	1965.45
1966	ND	25	0	16	1965.55	1966.45
1967	ND	25	0	12	1966.55	1967.45
1968	ND	25	0	4	1967.55	1968.45
1969	ND	25	0	5	1968.55	1969.45
1970	ND	25	0	8	1969.55	1970.45
1971	ND	25	0	13	1970.55	1971.45
1972	ND	25	0	5	1971.55	1972.45
1973	ND	25	0	10	1972.55	1973.45
1974	ND	25	0	24	1973.55	1974.45
1975	ND	25	0	12	1974.55	1975.45
1976	ND	25	0	40	1975.55	1976.45
1977	ND	25	0	20	1976.55	1977.45
1978	ND	25	0	24	1977.55	1978.45
1979	ND	25	0	25	1978.55	1979.45
1980	ND	25	0	29	1979.55	1980.45
1981	ND	25	0	1	1980.55	1981.45
1982	ND	25	0	4	1981.55	1982.45
1983	ND	25	0	4	1982.55	1983.45
1984	ND	25	0	6	1983.55	1984.45
1985	ND	25	0	8	1984.55	1985.45
1986	ND	25	0	3	1985.55	1986.45
1990	ND	25	0	22	1989.55	1990.45
1991	ND	25	0	13	1990.55	1991.45
1992	ND	25	0	12	1991.55	1992.45
1993	ND	25	0	34	1992.55	1993.45
1994	ND	25	0	13	1993.55	1994.45
1995	ND	25	0	11	1994.55	1995.45
1996	ND	25	0	25	1995.55	1996.45
1997	ND	25	0	31	1996.55	1997.45
1998	ND	25	0	28	1997.55	1998.45
1999	ND	25	0	58	1998.55	1999.45
2000	ND	25	0	28	1999.55	2000.45
2001	ND	25	0	47	2000.55	2001.45
2002	ND	25	0	17	2001.55	2002.45
2003	ND	25	0	32	2002.55	2003.45
2004	ND	25	0	47	2003.55	2004.45
2005	ND	25	0	53	2004.55	2005.45
2006	ND	25	0	21	2005.55	2006.45
2007	ND	25	0	39	2006.55	2007.45
2008	ND	25	0	26	2007.55	2008.45
2009	ND	25	0	30	2008.55	2009.45
2010	ND	25	0	61	2009.55	2010.45
2011	ND	25	0	59	2010.55	2011.45
2012	ND	25	0	9	2011.55	2012.45
1950	CO	26	0	1	1949.55	1950.45
1951	CO	26	0	6	1950.55	1951.45
1952	CO	26	0	1	1951.55	1952.45
1953	CO	26	0	5	1952.55	1953.45
1954	CO	26	0	2	1953.55	1954.45
1955	CO	26	0	5	1954.55	1955.45
1956	CO	26	0	4	1955.55	1956.45
1957	CO	26	0	11	1956.55	1957.45
1958	CO	26	0	8	1957.55	1958.45
1960	CO	26	0	11	1959.55	1960.45
1961	CO	26	0	12	1960.55	1961.45
1962	CO	26	0	25	1961.55	1962.45
1963	CO	26	0	2	1962.55	1963.45
1964	CO	26	0	2	1963.55	1964.45
1965	CO	26	0	30	1964.55	1965.45
1966	CO	26	0	11	1965.55	1966.45
1967	CO	26	0	19	1966.55	1967.45
1968	CO	26	0	4	1967.55	1968.45
1969	CO	26	0	9	1968.55	1969.45
1970	CO	26	0	3	1969.55	1970.45
1971	CO	26	0	13	1970.55	1971.45
1972	CO	26	0	10	1971.55	1972.45
1973	CO	26	0	2	1972.55	1973.45
1974	CO	26	0	5	1973.55	1974.45
1975	CO	26	0	6	1974.55	1975.45
1976	CO	26	0	28	1975.55	1976.45
1977	CO	26	0	14	1976.55	1977.45
1978	CO	26	0	2	1977.55	1978.45
1979	CO	26	0	3	1978.55	1979.45
1980	CO	26	0	8	1979.55	1980.45
1981	CO	26	0	4	1980.55	1981.45
1982	CO	26	0	3	1981.55	1982.45
1983	CO	26	0	3	1982.55	1983.45
1984	CO	26	0	6	1983.55	1984.45
1985	CO	26	0	1	1984.55	1985.45
1986	CO	26	0	2	1985.55	1986.45
1987	CO	26	0	3	1986.55	1987.45
1988	CO	26	0	4	1987.55	1988.45
1989	CO	26	0	2	1988.55	1989.45
1990	CO	26	0	28	1989.55	1990.45
1991	CO	26	0	40	1990.55	1991.45
1992	CO	26	0	69	1991.55	1992.45
1993	CO	26	0	69	1992.55	1993.45
1994	CO	26	0	41	1993.55	1994.45
1995	CO	26	0	36	1994.55	1995.45
1996	CO	26	0	98	1995.55	1996.45
1997	CO	26	0	47	1996.55	1997.45
1998	CO	26	0	38	1997.55	1998.45
1999	CO	26	0	41	1998.55	1999.45
2000	CO	26	0	60	1999.55	2000.45
2001	CO	26	0	46	2000.55	2001.45
2002	CO	26	0	25	2001.55	2002.45
2003	CO	26	0	29	2002.55	2003.45
2004	CO	26	0	84	2003.55	2004.45
2005	CO	26	0	34	2004.55	2005.45
2006	CO	26	0	20	2005.55	2006.45
2007	CO	26	0	56	2006.55	2007.45
2008	CO	26	0	30	2007.55	2008.45
2009	CO	26	0	42	2008.55	2009.45
2010	CO	26	0	71	2009.55	2010.45
2011	CO	26	0	21	2010.55	2011.45
2012	CO	26	0	33	2011.55	2012.45
1955	DE	27	0	1	1954.55	1955.45
1957	DE	27	0	1	1956.55	1957.45
1973	DE	27	0	1	1972.55	1973.45
1975	DE	27	0	5	1974.55	1975.45
1976	DE	27	0	1	1975.55	1976.45
1984	DE	27	0	2	1983.55	1984.45
1988	DE	27	0	1	1987.55	1988.45
1989	DE	27	0	1	1988.55	1989.45
1992	DE	27	0	1	1991.55	1992.45
1993	DE	27	0	4	1992.55	1993.45
1994	DE	27	0	1	1993.55	1994.45
1995	DE	27	0	1	1994.55	1995.45
1998	DE	27	0	1	1997.55	1998.45
2004	DE	27	0	2	2003.55	2004.45
2011	DE	27	0	1	2010.55	2011.45
2012	DE	27	0	1	2011.55	2012.45
1951	CT	28	0	3	1950.55	1951.45
1956	CT	28	0	1	1955.55	1956.45
1961	CT	28	0	1	1960.55	1961.45
1962	CT	28	0	2	1961.55	1962.45
1963	CT	28	0	1	1962.55	1963.45
1965	CT	28	0	1	1964.55	1965.45
1966	CT	28	0	2	1965.55	1966.45
1968	CT	28	0	2	1967.55	1968.45
1970	CT	28	0	2	1969.55	1970.45
1971	CT	28	0	1	1970.55	1971.45
1972	CT	28	0	1	1971.55	1972.45
1973	CT	28	0	6	1972.55	1973.45
1974	CT	28	0	1	1973.55	1974.45
1975	CT	28	0	1	1974.55	1975.45
1979	CT	28	0	1	1978.55	1979.45
1984	CT	28	0	1	1983.55	1984.45
1985	CT	28	0	3	1984.55	1985.45
1989	CT	28	0	3	1988.55	1989.45
1993	CT	28	0	1	1992.55	1993.45
1996	CT	28	0	2	1995.55	1996.45
1998	CT	28	0	4	1997.55	1998.45
2000	CT	28	0	1	1999.55	2000.45
2001	CT	28	0	4	2000.55	2001.45
2002	CT	28	0	4	2001.55	2002.45
2006	CT	28	0	1	2005.55	2006.45
2007	CT	28	0	2	2006.55	2007.45
2009	CT	28	0	3	2008.55	2009.45
2010	CT	28	0	6	2009.55	2010.45
2011	CT	28	0	1	2010.55	2011.45
1951	VA	29	0	5	1950.55	1951.45
1952	VA	29	0	1	1951.55	1952.45
1953	VA	29	0	3	1952.55	1953.45
1954	VA	29	0	5	1953.55	1954.45
1955	VA	29	0	1	1954.55	1955.45
1956	VA	29	0	2	1955.55	1956.45
1957	VA	29	0	1	1956.55	1957.45
1959	VA	29	0	5	1958.55	1959.45
1960	VA	29	0	2	1959.55	1960.45
1961	VA	29	0	3	1960.55	1961.45
1962	VA	29	0	7	1961.55	1962.45
1963	VA	29	0	1	1962.55	1963.45
1964	VA	29	0	1	1963.55	1964.45
1965	VA	29	0	2	1964.55	1965.45
1966	VA	29	0	3	1965.55	1966.45
1967	VA	29	0	1	1966.55	1967.45
1968	VA	29	0	2	1967.55	1968.45
1969	VA	29	0	5	1968.55	1969.45
1970	VA	29	0	4	1969.55	1970.45
1971	VA	29	0	1	1970.55	1971.45
1972	VA	29	0	2	1971.55	1972.45
1973	VA	29	0	5	1972.55	1973.45
1974	VA	29	0	7	1973.55	1974.45
1975	VA	29	0	12	1974.55	1975.45
1976	VA	29	0	1	1975.55	1976.45
1977	VA	29	0	1	1976.55	1977.45
1978	VA	29	0	2	1977.55	1978.45
1979	VA	29	0	1	1978.55	1979.45
1980	VA	29	0	2	1979.55	1980.45
1981	VA	29	0	4	1980.55	1981.45
1983	VA	29	0	4	1982.55	1983.45
1984	VA	29	0	3	1983.55	1984.45
1985	VA	29	0	1	1984.55	1985.45
1986	VA	29	0	4	1985.55	1986.45
1987	VA	29	0	1	1986.55	1987.45
1988	VA	29	0	3	1987.55	1988.45
1989	VA	29	0	3	1988.55	1989.45
1990	VA	29	0	10	1989.55	1990.45
1991	VA	29	0	1	1990.55	1991.45
1992	VA	29	0	1	1991.55	1992.45
1993	VA	29	0	12	1992.55	1993.45
1994	VA	29	0	2	1993.55	1994.45
1995	VA	29	0	3	1994.55	1995.45
1996	VA	29	0	25	1995.55	1996.45
1997	VA	29	0	10	1996.55	1997.45
1998	VA	29	0	15	1997.55	1998.45
1999	VA	29	0	10	1998.55	1999.45
2000	VA	29	0	11	1999.55	2000.45
2001	VA	29	0	14	2000.55	2001.45
2002	VA	29	0	7	2001.55	2002.45
2003	VA	29	0	32	2002.55	2003.45
2004	VA	29	0	84	2003.55	2004.45
2005	VA	29	0	24	2004.55	2005.45
2006	VA	29	0	16	2005.55	2006.45
2007	VA	29	0	2	2006.55	2007.45
2008	VA	29	0	32	2007.55	2008.45
2009	VA	29	0	16	2008.55	2009.45
2010	VA	29	0	7	2009.55	2010.45
2011	VA	29	0	49	2010.55	2011.45
2012	VA	29	0	11	2011.55	2012.45
1951	MI	30	0	5	1950.55	1951.45
1953	MI	30	0	12	1952.55	1953.45
1954	MI	30	0	7	1953.55	1954.45
1955	MI	30	0	9	1954.55	1955.45
1956	MI	30	0	18	1955.55	1956.45
1957	MI	30	0	9	1956.55	1957.45
1958	MI	30	0	6	1957.55	1958.45
1959	MI	30	0	2	1958.55	1959.45
1960	MI	30	0	4	1959.55	1960.45
1961	MI	30	0	4	1960.55	1961.45
1962	MI	30	0	2	1961.55	1962.45
1963	MI	30	0	2	1962.55	1963.45
1964	MI	30	0	12	1963.55	1964.45
1965	MI	30	0	14	1964.55	1965.45
1966	MI	30	0	5	1965.55	1966.45
1967	MI	30	0	15	1966.55	1967.45
1968	MI	30	0	11	1967.55	1968.45
1969	MI	30	0	4	1968.55	1969.45
1971	MI	30	0	5	1970.55	1971.45
1972	MI	30	0	15	1971.55	1972.45
1973	MI	30	0	24	1972.55	1973.45
1974	MI	30	0	18	1973.55	1974.45
1975	MI	30	0	19	1974.55	1975.45
1976	MI	30	0	21	1975.55	1976.45
1977	MI	30	0	18	1976.55	1977.45
1978	MI	30	0	2	1977.55	1978.45
1979	MI	30	0	5	1978.55	1979.45
1980	MI	30	0	17	1979.55	1980.45
1981	MI	30	0	2	1980.55	1981.45
1982	MI	30	0	13	1981.55	1982.45
1983	MI	30	0	12	1982.55	1983.45
1984	MI	30	0	8	1983.55	1984.45
1985	MI	30	0	7	1984.55	1985.45
1986	MI	30	0	15	1985.55	1986.45
1987	MI	30	0	11	1986.55	1987.45
1988	MI	30	0	7	1987.55	1988.45
1989	MI	30	0	7	1988.55	1989.45
1990	MI	30	0	9	1989.55	1990.45
1991	MI	30	0	12	1990.55	1991.45
1992	MI	30	0	8	1991.55	1992.45
1993	MI	30	0	7	1992.55	1993.45
1994	MI	30	0	4	1993.55	1994.45
1995	MI	30	0	7	1994.55	1995.45
1996	MI	30	0	13	1995.55	1996.45
1997	MI	30	0	18	1996.55	1997.45
1998	MI	30	0	22	1997.55	1998.45
1999	MI	30	0	10	1998.55	1999.45
2000	MI	30	0	4	1999.55	2000.45
2001	MI	30	0	35	2000.55	2001.45
2002	MI	30	0	12	2001.55	2002.45
2003	MI	30	0	13	2002.55	2003.45
2004	MI	30	0	23	2003.55	2004.45
2005	MI	30	0	5	2004.55	2005.45
2006	MI	30	0	10	2005.55	2006.45
2007	MI	30	0	23	2006.55	2007.45
2008	MI	30	0	12	2007.55	2008.45
2009	MI	30	0	3	2008.55	2009.45
2010	MI	30	0	27	2009.55	2010.45
2011	MI	30	0	15	2010.55	2011.45
2012	MI	30	0	6	2011.55	2012.45
1951	MA	31	0	2	1950.55	1951.45
1953	MA	31	0	2	1952.55	1953.45
1954	MA	31	0	1	1953.55	1954.45
1955	MA	31	0	3	1954.55	1955.45
1956	MA	31	0	5	1955.55	1956.45
1958	MA	31	0	6	1957.55	1958.45
1960	MA	31	0	1	1959.55	1960.45
1961	MA	31	0	1	1960.55	1961.45
1962	MA	31	0	2	1961.55	1962.45
1963	MA	31	0	2	1962.55	1963.45
1964	MA	31	0	4	1963.55	1964.45
1965	MA	31	0	2	1964.55	1965.45
1966	MA	31	0	3	1965.55	1966.45
1967	MA	31	0	1	1966.55	1967.45
1968	MA	31	0	3	1967.55	1968.45
1970	MA	31	0	5	1969.55	1970.45
1971	MA	31	0	3	1970.55	1971.45
1972	MA	31	0	4	1971.55	1972.45
1973	MA	31	0	2	1972.55	1973.45
1974	MA	31	0	1	1973.55	1974.45
1977	MA	31	0	2	1976.55	1977.45
1978	MA	31	0	1	1977.55	1978.45
1979	MA	31	0	1	1978.55	1979.45
1981	MA	31	0	1	1980.55	1981.45
1983	MA	31	0	1	1982.55	1983.45
1985	MA	31	0	1	1984.55	1985.45
1986	MA	31	0	3	1985.55	1986.45
1989	MA	31	0	3	1988.55	1989.45
1992	MA	31	0	1	1991.55	1992.45
1995	MA	31	0	1	1994.55	1995.45
1997	MA	31	0	8	1996.55	1997.45
2000	MA	31	0	1	1999.55	2000.45
2001	MA	31	0	2	2000.55	2001.45
2002	MA	31	0	1	2001.55	2002.45
2004	MA	31	0	2	2003.55	2004.45
2005	MA	31	0	1	2004.55	2005.45
2006	MA	31	0	1	2005.55	2006.45
2007	MA	31	0	1	2006.55	2007.45
2008	MA	31	0	1	2007.55	2008.45
2011	MA	31	0	4	2010.55	2011.45
2012	MA	31	0	1	2011.55	2012.45
1950	PA	32	0	4	1949.55	1950.45
1951	PA	32	0	4	1950.55	1951.45
1952	PA	32	0	4	1951.55	1952.45
1953	PA	32	0	4	1952.55	1953.45
1954	PA	32	0	13	1953.55	1954.45
1955	PA	32	0	3	1954.55	1955.45
1956	PA	32	0	5	1955.55	1956.45
1957	PA	32	0	4	1956.55	1957.45
1958	PA	32	0	1	1957.55	1958.45
1960	PA	32	0	2	1959.55	1960.45
1961	PA	32	0	3	1960.55	1961.45
1962	PA	32	0	3	1961.55	1962.45
1963	PA	32	0	3	1962.55	1963.45
1964	PA	32	0	3	1963.55	1964.45
1965	PA	32	0	3	1964.55	1965.45
1966	PA	32	0	1	1965.55	1966.45
1967	PA	32	0	3	1966.55	1967.45
1968	PA	32	0	5	1967.55	1968.45
1969	PA	32	0	1	1968.55	1969.45
1970	PA	32	0	3	1969.55	1970.45
1971	PA	32	0	3	1970.55	1971.45
1972	PA	32	0	2	1971.55	1972.45
1973	PA	32	0	9	1972.55	1973.45
1974	PA	32	0	2	1973.55	1974.45
1975	PA	32	0	11	1974.55	1975.45
1976	PA	32	0	10	1975.55	1976.45
1977	PA	32	0	4	1976.55	1977.45
1978	PA	32	0	7	1977.55	1978.45
1979	PA	32	0	5	1978.55	1979.45
1980	PA	32	0	8	1979.55	1980.45
1981	PA	32	0	15	1980.55	1981.45
1982	PA	32	0	1	1981.55	1982.45
1983	PA	32	0	5	1982.55	1983.45
1984	PA	32	0	6	1983.55	1984.45
1985	PA	32	0	27	1984.55	1985.45
1986	PA	32	0	4	1985.55	1986.45
1989	PA	32	0	10	1988.55	1989.45
1990	PA	32	0	9	1989.55	1990.45
1991	PA	32	0	6	1990.55	1991.45
1992	PA	32	0	8	1991.55	1992.45
1993	PA	32	0	4	1992.55	1993.45
1994	PA	32	0	11	1993.55	1994.45
1995	PA	32	0	1	1994.55	1995.45
1996	PA	32	0	25	1995.55	1996.45
1997	PA	32	0	14	1996.55	1997.45
1998	PA	32	0	61	1997.55	1998.45
1999	PA	32	0	9	1998.55	1999.45
2000	PA	32	0	5	1999.55	2000.45
2001	PA	32	0	12	2000.55	2001.45
2002	PA	32	0	16	2001.55	2002.45
2003	PA	32	0	9	2002.55	2003.45
2004	PA	32	0	26	2003.55	2004.45
2005	PA	32	0	11	2004.55	2005.45
2006	PA	32	0	8	2005.55	2006.45
2007	PA	32	0	7	2006.55	2007.45
2008	PA	32	0	6	2007.55	2008.45
2009	PA	32	0	7	2008.55	2009.45
2010	PA	32	0	17	2009.55	2010.45
2011	PA	32	0	30	2010.55	2011.45
2012	PA	32	0	12	2011.55	2012.45
1952	NJ	33	0	1	1951.55	1952.45
1955	NJ	33	0	1	1954.55	1955.45
1956	NJ	33	0	1	1955.55	1956.45
1958	NJ	33	0	2	1957.55	1958.45
1960	NJ	33	0	1	1959.55	1960.45
1962	NJ	33	0	2	1961.55	1962.45
1964	NJ	33	0	2	1963.55	1964.45
1971	NJ	33	0	1	1970.55	1971.45
1973	NJ	33	0	1	1972.55	1973.45
1975	NJ	33	0	1	1974.55	1975.45
1976	NJ	33	0	1	1975.55	1976.45
1977	NJ	33	0	1	1976.55	1977.45
1979	NJ	33	0	2	1978.55	1979.45
1981	NJ	33	0	2	1980.55	1981.45
1985	NJ	33	0	2	1984.55	1985.45
1987	NJ	33	0	1	1986.55	1987.45
1988	NJ	33	0	2	1987.55	1988.45
1989	NJ	33	0	8	1988.55	1989.45
1990	NJ	33	0	1	1989.55	1990.45
1992	NJ	33	0	2	1991.55	1992.45
1993	NJ	33	0	2	1992.55	1993.45
1994	NJ	33	0	1	1993.55	1994.45
1996	NJ	33	0	2	1995.55	1996.45
1997	NJ	33	0	2	1996.55	1997.45
1998	NJ	33	0	3	1997.55	1998.45
1999	NJ	33	0	2	1998.55	1999.45
2001	NJ	33	0	2	2000.55	2001.45
2003	NJ	33	0	7	2002.55	2003.45
2004	NJ	33	0	2	2003.55	2004.45
2006	NJ	33	0	1	2005.55	2006.45
2009	NJ	33	0	2	2008.55	2009.45
2010	NJ	33	0	1	2009.55	2010.45
2011	NJ	33	0	2	2010.55	2011.45
2012	NJ	33	0	1	2011.55	2012.45
1985	RI	34	0	1	1984.55	1985.45
1986	RI	34	0	3	1985.55	1986.45
1990	RI	34	0	1	1989.55	1990.45
2000	RI	34	0	1	1999.55	2000.45
2008	RI	34	0	2	2007.55	2008.45
2012	RI	34	0	1	2011.55	2012.45
1952	NY	35	0	1	1951.55	1952.45
1954	NY	35	0	1	1953.55	1954.45
1958	NY	35	0	2	1957.55	1958.45
1959	NY	35	0	3	1958.55	1959.45
1960	NY	35	0	1	1959.55	1960.45
1961	NY	35	0	5	1960.55	1961.45
1963	NY	35	0	3	1962.55	1963.45
1964	NY	35	0	1	1963.55	1964.45
1965	NY	35	0	3	1964.55	1965.45
1967	NY	35	0	1	1966.55	1967.45
1968	NY	35	0	3	1967.55	1968.45
1969	NY	35	0	1	1968.55	1969.45
1970	NY	35	0	1	1969.55	1970.45
1971	NY	35	0	4	1970.55	1971.45
1972	NY	35	0	4	1971.55	1972.45
1973	NY	35	0	6	1972.55	1973.45
1974	NY	35	0	3	1973.55	1974.45
1975	NY	35	0	1	1974.55	1975.45
1976	NY	35	0	6	1975.55	1976.45
1977	NY	35	0	1	1976.55	1977.45
1978	NY	35	0	2	1977.55	1978.45
1979	NY	35	0	1	1978.55	1979.45
1980	NY	35	0	2	1979.55	1980.45
1981	NY	35	0	2	1980.55	1981.45
1982	NY	35	0	1	1981.55	1982.45
1983	NY	35	0	6	1982.55	1983.45
1984	NY	35	0	5	1983.55	1984.45
1985	NY	35	0	4	1984.55	1985.45
1986	NY	35	0	2	1985.55	1986.45
1988	NY	35	0	3	1987.55	1988.45
1989	NY	35	0	5	1988.55	1989.45
1990	NY	35	0	4	1989.55	1990.45
1991	NY	35	0	1	1990.55	1991.45
1992	NY	35	0	7	1991.55	1992.45
1993	NY	35	0	3	1992.55	1993.45
1994	NY	35	0	3	1993.55	1994.45
1995	NY	35	0	3	1994.55	1995.45
1996	NY	35	0	8	1995.55	1996.45
1997	NY	35	0	7	1996.55	1997.45
1998	NY	35	0	20	1997.55	1998.45
1999	NY	35	0	1	1998.55	1999.45
2000	NY	35	0	5	1999.55	2000.45
2001	NY	35	0	3	2000.55	2001.45
2002	NY	35	0	15	2001.55	2002.45
2003	NY	35	0	18	2002.55	2003.45
2004	NY	35	0	8	2003.55	2004.45
2005	NY	35	0	4	2004.55	2005.45
2006	NY	35	0	8	2005.55	2006.45
2007	NY	35	0	3	2006.55	2007.45
2008	NY	35	0	2	2007.55	2008.45
2009	NY	35	0	10	2008.55	2009.45
2010	NY	35	0	13	2009.55	2010.45
2011	NY	35	0	21	2010.55	2011.45
2012	NY	35	0	8	2011.55	2012.45
1951	NH	36	0	1	1950.55	1951.45
1954	NH	36	0	1	1953.55	1954.45
1955	NH	36	0	1	1954.55	1955.45
1961	NH	36	0	2	1960.55	1961.45
1962	NH	36	0	1	1961.55	1962.45
1963	NH	36	0	7	1962.55	1963.45
1965	NH	36	0	2	1964.55	1965.45
1966	NH	36	0	2	1965.55	1966.45
1968	NH	36	0	1	1967.55	1968.45
1970	NH	36	0	1	1969.55	1970.45
1972	NH	36	0	2	1971.55	1972.45
1973	NH	36	0	1	1972.55	1973.45
1974	NH	36	0	1	1973.55	1974.45
1976	NH	36	0	1	1975.55	1976.45
1980	NH	36	0	1	1979.55	1980.45
1981	NH	36	0	1	1980.55	1981.45
1984	NH	36	0	3	1983.55	1984.45
1986	NH	36	0	3	1985.55	1986.45
1997	NH	36	0	2	1996.55	1997.45
1998	NH	36	0	1	1997.55	1998.45
1999	NH	36	0	2	1998.55	1999.45
2004	NH	36	0	1	2003.55	2004.45
2006	NH	36	0	2	2005.55	2006.45
2008	NH	36	0	1	2007.55	2008.45
2010	NH	36	0	1	2009.55	2010.45
2011	NH	36	0	2	2010.55	2011.45
2012	NH	36	0	2	2011.55	2012.45
1953	WY	37	0	4	1952.55	1953.45
1954	WY	37	0	1	1953.55	1954.45
1955	WY	37	0	1	1954.55	1955.45
1956	WY	37	0	2	1955.55	1956.45
1957	WY	37	0	2	1956.55	1957.45
1958	WY	37	0	4	1957.55	1958.45
1959	WY	37	0	2	1958.55	1959.45
1960	WY	37	0	4	1959.55	1960.45
1961	WY	37	0	2	1960.55	1961.45
1962	WY	37	0	8	1961.55	1962.45
1963	WY	37	0	1	1962.55	1963.45
1964	WY	37	0	2	1963.55	1964.45
1965	WY	37	0	2	1964.55	1965.45
1966	WY	37	0	2	1965.55	1966.45
1967	WY	37	0	5	1966.55	1967.45
1968	WY	37	0	5	1967.55	1968.45
1969	WY	37	0	1	1968.55	1969.45
1971	WY	37	0	2	1970.55	1971.45
1972	WY	37	0	2	1971.55	1972.45
1973	WY	37	0	5	1972.55	1973.45
1974	WY	37	0	9	1973.55	1974.45
1975	WY	37	0	8	1974.55	1975.45
1976	WY	37	0	19	1975.55	1976.45
1977	WY	37	0	12	1976.55	1977.45
1978	WY	37	0	2	1977.55	1978.45
1979	WY	37	0	17	1978.55	1979.45
1980	WY	37	0	10	1979.55	1980.45
1981	WY	37	0	4	1980.55	1981.45
1982	WY	37	0	9	1981.55	1982.45
1984	WY	37	0	2	1983.55	1984.45
1985	WY	37	0	1	1984.55	1985.45
1986	WY	37	0	1	1985.55	1986.45
1987	WY	37	0	7	1986.55	1987.45
1989	WY	37	0	2	1988.55	1989.45
1990	WY	37	0	12	1989.55	1990.45
1991	WY	37	0	13	1990.55	1991.45
1992	WY	37	0	10	1991.55	1992.45
1993	WY	37	0	5	1992.55	1993.45
1994	WY	37	0	5	1993.55	1994.45
1995	WY	37	0	7	1994.55	1995.45
1996	WY	37	0	6	1995.55	1996.45
1997	WY	37	0	26	1996.55	1997.45
1998	WY	37	0	16	1997.55	1998.45
1999	WY	37	0	20	1998.55	1999.45
2000	WY	37	0	5	1999.55	2000.45
2001	WY	37	0	16	2000.55	2001.45
2002	WY	37	0	8	2001.55	2002.45
2003	WY	37	0	4	2002.55	2003.45
2004	WY	37	0	6	2003.55	2004.45
2005	WY	37	0	6	2004.55	2005.45
2006	WY	37	0	1	2005.55	2006.45
2007	WY	37	0	5	2006.55	2007.45
2008	WY	37	0	16	2007.55	2008.45
2009	WY	37	0	12	2008.55	2009.45
2010	WY	37	0	20	2009.55	2010.45
2011	WY	37	0	7	2010.55	2011.45
2012	WY	37	0	4	2011.55	2012.45
1951	WV	38	0	1	1950.55	1951.45
1954	WV	38	0	3	1953.55	1954.45
1961	WV	38	0	1	1960.55	1961.45
1964	WV	38	0	1	1963.55	1964.45
1965	WV	38	0	2	1964.55	1965.45
1967	WV	38	0	3	1966.55	1967.45
1968	WV	38	0	1	1967.55	1968.45
1969	WV	38	0	2	1968.55	1969.45
1972	WV	38	0	1	1971.55	1972.45
1973	WV	38	0	1	1972.55	1973.45
1974	WV	38	0	6	1973.55	1974.45
1975	WV	38	0	2	1974.55	1975.45
1976	WV	38	0	1	1975.55	1976.45
1977	WV	38	0	2	1976.55	1977.45
1978	WV	38	0	3	1977.55	1978.45
1979	WV	38	0	4	1978.55	1979.45
1980	WV	38	0	3	1979.55	1980.45
1981	WV	38	0	2	1980.55	1981.45
1989	WV	38	0	1	1988.55	1989.45
1990	WV	38	0	1	1989.55	1990.45
1991	WV	38	0	1	1990.55	1991.45
1992	WV	38	0	1	1991.55	1992.45
1994	WV	38	0	1	1993.55	1994.45
1996	WV	38	0	3	1995.55	1996.45
1997	WV	38	0	1	1996.55	1997.45
1998	WV	38	0	15	1997.55	1998.45
1999	WV	38	0	1	1998.55	1999.45
2000	WV	38	0	4	1999.55	2000.45
2001	WV	38	0	1	2000.55	2001.45
2002	WV	38	0	1	2001.55	2002.45
2003	WV	38	0	2	2002.55	2003.45
2004	WV	38	0	5	2003.55	2004.45
2007	WV	38	0	1	2006.55	2007.45
2008	WV	38	0	3	2007.55	2008.45
2010	WV	38	0	2	2009.55	2010.45
2011	WV	38	0	1	2010.55	2011.45
2012	WV	38	0	3	2011.55	2012.45
1950	NM	39	0	2	1949.55	1950.45
1951	NM	39	0	1	1950.55	1951.45
1954	NM	39	0	7	1953.55	1954.45
1956	NM	39	0	2	1955.55	1956.45
1957	NM	39	0	16	1956.55	1957.45
1958	NM	39	0	6	1957.55	1958.45
1959	NM	39	0	13	1958.55	1959.45
1960	NM	39	0	4	1959.55	1960.45
1961	NM	39	0	7	1960.55	1961.45
1962	NM	39	0	10	1961.55	1962.45
1963	NM	39	0	8	1962.55	1963.45
1964	NM	39	0	11	1963.55	1964.45
1965	NM	39	0	11	1964.55	1965.45
1966	NM	39	0	8	1965.55	1966.45
1967	NM	39	0	7	1966.55	1967.45
1968	NM	39	0	1	1967.55	1968.45
1969	NM	39	0	9	1968.55	1969.45
1970	NM	39	0	11	1969.55	1970.45
1971	NM	39	0	9	1970.55	1971.45
1972	NM	39	0	16	1971.55	1972.45
1973	NM	39	0	2	1972.55	1973.45
1974	NM	39	0	5	1973.55	1974.45
1975	NM	39	0	3	1974.55	1975.45
1976	NM	39	0	2	1975.55	1976.45
1977	NM	39	0	5	1976.55	1977.45
1978	NM	39	0	2	1977.55	1978.45
1979	NM	39	0	9	1978.55	1979.45
1980	NM	39	0	3	1979.55	1980.45
1981	NM	39	0	8	1980.55	1981.45
1982	NM	39	0	7	1981.55	1982.45
1984	NM	39	0	1	1983.55	1984.45
1985	NM	39	0	1	1984.55	1985.45
1986	NM	39	0	1	1985.55	1986.45
1987	NM	39	0	1	1986.55	1987.45
1988	NM	39	0	3	1987.55	1988.45
1989	NM	39	0	12	1988.55	1989.45
1991	NM	39	0	12	1990.55	1991.45
1992	NM	39	0	17	1991.55	1992.45
1993	NM	39	0	1	1992.55	1993.45
1994	NM	39	0	8	1993.55	1994.45
1995	NM	39	0	4	1994.55	1995.45
1996	NM	39	0	16	1995.55	1996.45
1997	NM	39	0	11	1996.55	1997.45
1998	NM	39	0	7	1997.55	1998.45
1999	NM	39	0	8	1998.55	1999.45
2000	NM	39	0	5	1999.55	2000.45
2001	NM	39	0	5	2000.55	2001.45
2002	NM	39	0	3	2001.55	2002.45
2003	NM	39	0	7	2002.55	2003.45
2004	NM	39	0	11	2003.55	2004.45
2005	NM	39	0	7	2004.55	2005.45
2006	NM	39	0	5	2005.55	2006.45
2007	NM	39	0	23	2006.55	2007.45
2008	NM	39	0	11	2007.55	2008.45
2009	NM	39	0	4	2008.55	2009.45
2010	NM	39	0	12	2009.55	2010.45
2011	NM	39	0	2	2010.55	2011.45
2012	NM	39	0	6	2011.55	2012.45
1955	VT	40	0	1	1954.55	1955.45
1957	VT	40	0	2	1956.55	1957.45
1961	VT	40	0	3	1960.55	1961.45
1962	VT	40	0	4	1961.55	1962.45
1970	VT	40	0	1	1969.55	1970.45
1972	VT	40	0	1	1971.55	1972.45
1973	VT	40	0	2	1972.55	1973.45
1982	VT	40	0	1	1981.55	1982.45
1986	VT	40	0	1	1985.55	1986.45
1993	VT	40	0	1	1992.55	1993.45
1998	VT	40	0	1	1997.55	1998.45
2002	VT	40	0	2	2001.55	2002.45
2003	VT	40	0	2	2002.55	2003.45
2008	VT	40	0	1	2007.55	2008.45
2009	VT	40	0	2	2008.55	2009.45
2010	VT	40	0	2	2009.55	2010.45
2011	VT	40	0	2	2010.55	2011.45
2012	VT	40	0	1	2011.55	2012.45
1954	ME	41	0	1	1953.55	1954.45
1956	ME	41	0	1	1955.55	1956.45
1957	ME	41	0	1	1956.55	1957.45
1958	ME	41	0	3	1957.55	1958.45
1960	ME	41	0	1	1959.55	1960.45
1961	ME	41	0	3	1960.55	1961.45
1962	ME	41	0	2	1961.55	1962.45
1963	ME	41	0	3	1962.55	1963.45
1965	ME	41	0	1	1964.55	1965.45
1968	ME	41	0	1	1967.55	1968.45
1970	ME	41	0	1	1969.55	1970.45
1971	ME	41	0	6	1970.55	1971.45
1972	ME	41	0	1	1971.55	1972.45
1973	ME	41	0	2	1972.55	1973.45
1974	ME	41	0	1	1973.55	1974.45
1975	ME	41	0	1	1974.55	1975.45
1978	ME	41	0	1	1977.55	1978.45
1981	ME	41	0	1	1980.55	1981.45
1986	ME	41	0	1	1985.55	1986.45
1994	ME	41	0	3	1993.55	1994.45
1996	ME	41	0	1	1995.55	1996.45
1997	ME	41	0	3	1996.55	1997.45
1998	ME	41	0	1	1997.55	1998.45
1999	ME	41	0	1	1998.55	1999.45
2000	ME	41	0	2	1999.55	2000.45
2001	ME	41	0	2	2000.55	2001.45
2002	ME	41	0	3	2001.55	2002.45
2004	ME	41	0	1	2003.55	2004.45
2005	ME	41	0	2	2004.55	2005.45
2006	ME	41	0	1	2005.55	2006.45
2007	ME	41	0	1	2006.55	2007.45
2009	ME	41	0	7	2008.55	2009.45
2010	ME	41	0	5	2009.55	2010.45
2011	ME	41	0	5	2010.55	2011.45
2012	ME	41	0	1	2011.55	2012.45
1951	CA	42	0	1	1950.55	1951.45
1953	CA	42	0	1	1952.55	1953.45
1954	CA	42	0	1	1953.55	1954.45
1956	CA	42	0	2	1955.55	1956.45
1957	CA	42	0	1	1956.55	1957.45
1958	CA	42	0	2	1957.55	1958.45
1961	CA	42	0	1	1960.55	1961.45
1962	CA	42	0	1	1961.55	1962.45
1965	CA	42	0	1	1964.55	1965.45
1966	CA	42	0	2	1965.55	1966.45
1967	CA	42	0	3	1966.55	1967.45
1970	CA	42	0	1	1969.55	1970.45
1971	CA	42	0	1	1970.55	1971.45
1972	CA	42	0	4	1971.55	1972.45
1973	CA	42	0	1	1972.55	1973.45
1974	CA	42	0	2	1973.55	1974.45
1977	CA	42	0	1	1976.55	1977.45
1978	CA	42	0	1	1977.55	1978.45
1979	CA	42	0	1	1978.55	1979.45
1980	CA	42	0	3	1979.55	1980.45
1981	CA	42	0	3	1980.55	1981.45
1982	CA	42	0	7	1981.55	1982.45
1983	CA	42	0	3	1982.55	1983.45
1984	CA	42	0	1	1983.55	1984.45
1985	CA	42	0	2	1984.55	1985.45
1986	CA	42	0	1	1985.55	1986.45
1987	CA	42	0	1	1986.55	1987.45
1989	CA	42	0	1	1988.55	1989.45
1990	CA	42	0	2	1989.55	1990.45
1991	CA	42	0	8	1990.55	1991.45
1992	CA	42	0	11	1991.55	1992.45
1993	CA	42	0	9	1992.55	1993.45
1994	CA	42	0	6	1993.55	1994.45
1995	CA	42	0	2	1994.55	1995.45
1996	CA	42	0	22	1995.55	1996.45
1997	CA	42	0	17	1996.55	1997.45
1998	CA	42	0	25	1997.55	1998.45
1999	CA	42	0	3	1998.55	1999.45
2000	CA	42	0	9	1999.55	2000.45
2001	CA	42	0	8	2000.55	2001.45
2002	CA	42	0	3	2001.55	2002.45
2004	CA	42	0	10	2003.55	2004.45
2005	CA	42	0	30	2004.55	2005.45
2006	CA	42	0	9	2005.55	2006.45
2007	CA	42	0	6	2006.55	2007.45
2008	CA	42	0	7	2007.55	2008.45
2009	CA	42	0	2	2008.55	2009.45
2010	CA	42	0	8	2009.55	2010.45
2011	CA	42	0	9	2010.55	2011.45
2012	CA	42	0	12	2011.55	2012.45
1952	MT	43	0	2	1951.55	1952.45
1953	MT	43	0	2	1952.55	1953.45
1954	MT	43	0	3	1953.55	1954.45
1955	MT	43	0	1	1954.55	1955.45
1959	MT	43	0	1	1958.55	1959.45
1962	MT	43	0	4	1961.55	1962.45
1964	MT	43	0	1	1963.55	1964.45
1965	MT	43	0	1	1964.55	1965.45
1968	MT	43	0	1	1967.55	1968.45
1969	MT	43	0	1	1968.55	1969.45
1970	MT	43	0	1	1969.55	1970.45
1971	MT	43	0	2	1970.55	1971.45
1972	MT	43	0	3	1971.55	1972.45
1973	MT	43	0	2	1972.55	1973.45
1975	MT	43	0	10	1974.55	1975.45
1976	MT	43	0	1	1975.55	1976.45
1979	MT	43	0	5	1978.55	1979.45
1980	MT	43	0	6	1979.55	1980.45
1981	MT	43	0	2	1980.55	1981.45
1982	MT	43	0	1	1981.55	1982.45
1984	MT	43	0	2	1983.55	1984.45
1985	MT	43	0	2	1984.55	1985.45
1986	MT	43	0	1	1985.55	1986.45
1988	MT	43	0	3	1987.55	1988.45
1990	MT	43	0	2	1989.55	1990.45
1991	MT	43	0	5	1990.55	1991.45
1992	MT	43	0	9	1991.55	1992.45
1993	MT	43	0	19	1992.55	1993.45
1994	MT	43	0	6	1993.55	1994.45
1995	MT	43	0	14	1994.55	1995.45
1996	MT	43	0	8	1995.55	1996.45
1997	MT	43	0	9	1996.55	1997.45
1998	MT	43	0	11	1997.55	1998.45
1999	MT	43	0	22	1998.55	1999.45
2000	MT	43	0	10	1999.55	2000.45
2001	MT	43	0	9	2000.55	2001.45
2002	MT	43	0	11	2001.55	2002.45
2003	MT	43	0	6	2002.55	2003.45
2004	MT	43	0	6	2003.55	2004.45
2005	MT	43	0	10	2004.55	2005.45
2006	MT	43	0	1	2005.55	2006.45
2007	MT	43	0	5	2006.55	2007.45
2008	MT	43	0	2	2007.55	2008.45
2009	MT	43	0	4	2008.55	2009.45
2010	MT	43	0	10	2009.55	2010.45
2011	MT	43	0	9	2010.55	2011.45
2012	MT	43	0	3	2011.55	2012.45
1956	ID	44	0	3	1955.55	1956.45
1957	ID	44	0	1	1956.55	1957.45
1961	ID	44	0	2	1960.55	1961.45
1962	ID	44	0	2	1961.55	1962.45
1973	ID	44	0	2	1972.55	1973.45
1978	ID	44	0	1	1977.55	1978.45
1980	ID	44	0	1	1979.55	1980.45
1981	ID	44	0	1	1980.55	1981.45
1984	ID	44	0	3	1983.55	1984.45
1985	ID	44	0	2	1984.55	1985.45
1986	ID	44	0	1	1985.55	1986.45
1987	ID	44	0	3	1986.55	1987.45
1988	ID	44	0	1	1987.55	1988.45
1990	ID	44	0	6	1989.55	1990.45
1991	ID	44	0	5	1990.55	1991.45
1993	ID	44	0	10	1992.55	1993.45
1994	ID	44	0	2	1993.55	1994.45
1995	ID	44	0	6	1994.55	1995.45
1996	ID	44	0	4	1995.55	1996.45
1997	ID	44	0	6	1996.55	1997.45
1998	ID	44	0	7	1997.55	1998.45
1999	ID	44	0	1	1998.55	1999.45
2000	ID	44	0	13	1999.55	2000.45
2001	ID	44	0	2	2000.55	2001.45
2002	ID	44	0	3	2001.55	2002.45
2003	ID	44	0	4	2002.55	2003.45
2004	ID	44	0	5	2003.55	2004.45
2005	ID	44	0	6	2004.55	2005.45
2006	ID	44	0	9	2005.55	2006.45
2007	ID	44	0	3	2006.55	2007.45
2008	ID	44	0	1	2007.55	2008.45
2009	ID	44	0	2	2008.55	2009.45
2010	ID	44	0	2	2009.55	2010.45
2011	ID	44	0	2	2010.55	2011.45
2012	ID	44	0	2	2011.55	2012.45
1956	AZ	45	0	1	1955.55	1956.45
1957	AZ	45	0	1	1956.55	1957.45
1959	AZ	45	0	2	1958.55	1959.45
1961	AZ	45	0	3	1960.55	1961.45
1962	AZ	45	0	1	1961.55	1962.45
1964	AZ	45	0	2	1963.55	1964.45
1966	AZ	45	0	2	1965.55	1966.45
1968	AZ	45	0	3	1967.55	1968.45
1969	AZ	45	0	2	1968.55	1969.45
1970	AZ	45	0	1	1969.55	1970.45
1971	AZ	45	0	6	1970.55	1971.45
1972	AZ	45	0	13	1971.55	1972.45
1973	AZ	45	0	1	1972.55	1973.45
1974	AZ	45	0	4	1973.55	1974.45
1976	AZ	45	0	3	1975.55	1976.45
1979	AZ	45	0	1	1978.55	1979.45
1980	AZ	45	0	1	1979.55	1980.45
1984	AZ	45	0	2	1983.55	1984.45
1985	AZ	45	0	1	1984.55	1985.45
1987	AZ	45	0	1	1986.55	1987.45
1992	AZ	45	0	3	1991.55	1992.45
1993	AZ	45	0	3	1992.55	1993.45
1994	AZ	45	0	2	1993.55	1994.45
1995	AZ	45	0	3	1994.55	1995.45
1996	AZ	45	0	9	1995.55	1996.45
1997	AZ	45	0	5	1996.55	1997.45
1998	AZ	45	0	2	1997.55	1998.45
1999	AZ	45	0	5	1998.55	1999.45
2001	AZ	45	0	4	2000.55	2001.45
2003	AZ	45	0	9	2002.55	2003.45
2004	AZ	45	0	3	2003.55	2004.45
2005	AZ	45	0	8	2004.55	2005.45
2006	AZ	45	0	6	2005.55	2006.45
2008	AZ	45	0	1	2007.55	2008.45
2009	AZ	45	0	4	2008.55	2009.45
2010	AZ	45	0	12	2009.55	2010.45
2011	AZ	45	0	3	2010.55	2011.45
2012	AZ	45	0	1	2011.55	2012.45
1956	WA	46	0	1	1955.55	1956.45
1962	WA	46	0	1	1961.55	1962.45
1964	WA	46	0	2	1963.55	1964.45
1965	WA	46	0	1	1964.55	1965.45
1969	WA	46	0	1	1968.55	1969.45
1970	WA	46	0	1	1969.55	1970.45
1972	WA	46	0	3	1971.55	1972.45
1978	WA	46	0	2	1977.55	1978.45
1979	WA	46	0	1	1978.55	1979.45
1980	WA	46	0	2	1979.55	1980.45
1981	WA	46	0	2	1980.55	1981.45
1982	WA	46	0	2	1981.55	1982.45
1983	WA	46	0	1	1982.55	1983.45
1984	WA	46	0	1	1983.55	1984.45
1992	WA	46	0	1	1991.55	1992.45
1994	WA	46	0	1	1993.55	1994.45
1996	WA	46	0	1	1995.55	1996.45
1997	WA	46	0	14	1996.55	1997.45
1999	WA	46	0	2	1998.55	1999.45
2000	WA	46	0	3	1999.55	2000.45
2001	WA	46	0	2	2000.55	2001.45
2003	WA	46	0	2	2002.55	2003.45
2004	WA	46	0	10	2003.55	2004.45
2005	WA	46	0	4	2004.55	2005.45
2006	WA	46	0	2	2005.55	2006.45
2008	WA	46	0	3	2007.55	2008.45
2009	WA	46	0	6	2008.55	2009.45
2010	WA	46	0	2	2009.55	2010.45
2011	WA	46	0	2	2010.55	2011.45
1953	UT	47	0	2	1952.55	1953.45
1955	UT	47	0	1	1954.55	1955.45
1964	UT	47	0	1	1963.55	1964.45
1965	UT	47	0	1	1964.55	1965.45
1967	UT	47	0	1	1966.55	1967.45
1970	UT	47	0	1	1969.55	1970.45
1971	UT	47	0	1	1970.55	1971.45
1982	UT	47	0	2	1981.55	1982.45
1984	UT	47	0	6	1983.55	1984.45
1986	UT	47	0	1	1985.55	1986.45
1990	UT	47	0	1	1989.55	1990.45
1991	UT	47	0	4	1990.55	1991.45
1993	UT	47	0	5	1992.55	1993.45
1996	UT	47	0	3	1995.55	1996.45
1997	UT	47	0	1	1996.55	1997.45
1998	UT	47	0	7	1997.55	1998.45
1999	UT	47	0	3	1998.55	1999.45
2000	UT	47	0	3	1999.55	2000.45
2001	UT	47	0	5	2000.55	2001.45
2002	UT	47	0	4	2001.55	2002.45
2003	UT	47	0	1	2002.55	2003.45
2005	UT	47	0	4	2004.55	2005.45
2006	UT	47	0	2	2005.55	2006.45
2007	UT	47	0	1	2006.55	2007.45
2009	UT	47	0	4	2008.55	2009.45
2010	UT	47	0	2	2009.55	2010.45
2011	UT	47	0	1	2010.55	2011.45
2012	UT	47	0	1	2011.55	2012.45
1957	OR	48	0	1	1956.55	1957.45
1965	OR	48	0	2	1964.55	1965.45
1966	OR	48	0	2	1965.55	1966.45
1968	OR	48	0	2	1967.55	1968.45
1970	OR	48	0	1	1969.55	1970.45
1972	OR	48	0	2	1971.55	1972.45
1973	OR	48	0	1	1972.55	1973.45
1983	OR	48	0	3	1982.55	1983.45
1984	OR	48	0	3	1983.55	1984.45
1991	OR	48	0	2	1990.55	1991.45
1993	OR	48	0	1	1992.55	1993.45
1994	OR	48	0	2	1993.55	1994.45
1995	OR	48	0	4	1994.55	1995.45
1996	OR	48	0	4	1995.55	1996.45
1997	OR	48	0	14	1996.55	1997.45
1998	OR	48	0	3	1997.55	1998.45
1999	OR	48	0	1	1998.55	1999.45
2000	OR	48	0	3	1999.55	2000.45
2001	OR	48	0	4	2000.55	2001.45
2002	OR	48	0	2	2001.55	2002.45
2003	OR	48	0	2	2002.55	2003.45
2004	OR	48	0	7	2003.55	2004.45
2005	OR	48	0	1	2004.55	2005.45
2006	OR	48	0	4	2005.55	2006.45
2007	OR	48	0	2	2006.55	2007.45
2009	OR	48	0	4	2008.55	2009.45
2010	OR	48	0	2	2009.55	2010.45
2011	OR	48	0	1	2010.55	2011.45
1973	NV	49	0	1	1972.55	1973.45
1974	NV	49	0	1	1973.55	1974.45
1975	NV	49	0	2	1974.55	1975.45
1979	NV	49	0	2	1978.55	1979.45
1983	NV	49	0	1	1982.55	1983.45
1984	NV	49	0	2	1983.55	1984.45
1986	NV	49	0	1	1985.55	1986.45
1987	NV	49	0	5	1986.55	1987.45
1988	NV	49	0	1	1987.55	1988.45
1991	NV	49	0	1	1990.55	1991.45
1992	NV	49	0	2	1991.55	1992.45
1993	NV	49	0	1	1992.55	1993.45
1996	NV	49	0	1	1995.55	1996.45
1997	NV	49	0	2	1996.55	1997.45
1998	NV	49	0	8	1997.55	1998.45
1999	NV	49	0	1	1998.55	1999.45
2000	NV	49	0	2	1999.55	2000.45
2001	NV	49	0	1	2000.55	2001.45
2002	NV	49	0	1	2001.55	2002.45
2003	NV	49	0	3	2002.55	2003.45
2004	NV	49	0	5	2003.55	2004.45
2005	NV	49	0	1	2004.55	2005.45
2006	NV	49	0	1	2005.55	2006.45
2009	NV	49	0	2	2008.55	2009.45
2011	NV	49	0	1	2010.55	2011.45
2012	NV	49	0	2	2011.55	2012.45
