x	y	label	showSelected1	group
1950	18	13	OK	1
1951	37	32	OK	1
1952	20	15	OK	1
1953	39	34	OK	1
1954	49	44	OK	1
1955	70	65	OK	1
1956	45	40	OK	1
1957	100	95	OK	1
1958	30	25	OK	1
1959	56	51	OK	1
1960	63	58	OK	1
1961	52	47	OK	1
1962	53	48	OK	1
1963	26	21	OK	1
1964	44	39	OK	1
1965	63	58	OK	1
1966	32	27	OK	1
1967	40	35	OK	1
1968	46	41	OK	1
1969	30	25	OK	1
1970	38	33	OK	1
1971	35	30	OK	1
1972	32	27	OK	1
1973	50	45	OK	1
1974	32	27	OK	1
1975	19	14	OK	1
1976	22	17	OK	1
1977	42	37	OK	1
1978	17	12	OK	1
1979	41	36	OK	1
1980	20	15	OK	1
1981	62	57	OK	1
1982	74	69	OK	1
1983	76	71	OK	1
1984	50	45	OK	1
1985	32	27	OK	1
1986	30	25	OK	1
1987	17	12	OK	1
1988	11	6	OK	1
1989	15	10	OK	1
1990	30	25	OK	1
1991	46	41	OK	1
1992	41	36	OK	1
1993	54	49	OK	1
1994	34	29	OK	1
1995	61	56	OK	1
1996	55	50	OK	1
1997	62	57	OK	1
1998	90	85	OK	1
1999	148	143	OK	1
2000	49	44	OK	1
2001	66	61	OK	1
2002	23	18	OK	1
2003	86	81	OK	1
2004	67	62	OK	1
2005	32	27	OK	1
2006	35	30	OK	1
2007	55	50	OK	1
2008	76	71	OK	1
2009	40	35	OK	1
2010	109	104	OK	1
2011	127	122	OK	1
2012	68	63	OK	1
1950	7	2	FL	2
1951	10	5	FL	2
1952	9	4	FL	2
1953	19	14	FL	2
1954	13	8	FL	2
1955	10	5	FL	2
1956	12	7	FL	2
1957	14	9	FL	2
1958	22	17	FL	2
1959	13	8	FL	2
1960	26	21	FL	2
1961	14	9	FL	2
1962	18	13	FL	2
1963	20	15	FL	2
1964	30	25	FL	2
1965	12	7	FL	2
1966	20	15	FL	2
1967	21	16	FL	2
1968	40	35	FL	2
1969	40	35	FL	2
1970	26	21	FL	2
1971	21	16	FL	2
1972	15	10	FL	2
1973	15	10	FL	2
1974	36	31	FL	2
1975	65	60	FL	2
1976	50	45	FL	2
1977	30	25	FL	2
1978	58	53	FL	2
1979	61	56	FL	2
1980	31	26	FL	2
1981	35	30	FL	2
1982	17	12	FL	2
1983	36	31	FL	2
1984	9	4	FL	2
1985	12	7	FL	2
1986	8	3	FL	2
1987	7	2	FL	2
1988	10	5	FL	2
1989	8	3	FL	2
1990	20	15	FL	2
1991	24	19	FL	2
1992	35	30	FL	2
1993	47	42	FL	2
1994	65	60	FL	2
1995	75	70	FL	2
1996	70	65	FL	2
1997	118	113	FL	2
1998	108	103	FL	2
1999	61	56	FL	2
2000	80	75	FL	2
2001	74	69	FL	2
2002	48	43	FL	2
2003	48	43	FL	2
2004	111	106	FL	2
2005	59	54	FL	2
2006	47	42	FL	2
2007	52	47	FL	2
2008	51	46	FL	2
2009	40	35	FL	2
2010	22	17	FL	2
2011	45	40	FL	2
2012	53	48	FL	2
1950	30	25	KS	3
1951	46	41	KS	3
1952	19	14	KS	3
1953	28	23	KS	3
1954	45	40	KS	3
1955	69	64	KS	3
1956	47	42	KS	3
1957	40	35	KS	3
1958	34	29	KS	3
1959	49	44	KS	3
1960	42	37	KS	3
1961	26	21	KS	3
1962	47	42	KS	3
1963	30	25	KS	3
1964	62	57	KS	3
1965	41	36	KS	3
1966	31	26	KS	3
1967	21	16	KS	3
1968	20	15	KS	3
1969	16	11	KS	3
1970	21	16	KS	3
1971	20	15	KS	3
1972	23	18	KS	3
1973	43	38	KS	3
1974	33	28	KS	3
1975	17	12	KS	3
1976	17	12	KS	3
1977	14	9	KS	3
1978	24	19	KS	3
1979	29	24	KS	3
1980	19	14	KS	3
1981	14	9	KS	3
1982	56	51	KS	3
1983	24	19	KS	3
1984	51	46	KS	3
1985	21	16	KS	3
1986	25	20	KS	3
1987	9	4	KS	3
1988	20	15	KS	3
1989	23	18	KS	3
1990	55	50	KS	3
1991	47	42	KS	3
1992	47	42	KS	3
1993	58	53	KS	3
1994	30	25	KS	3
1995	44	39	KS	3
1996	73	68	KS	3
1997	69	64	KS	3
1998	76	71	KS	3
1999	69	64	KS	3
2000	64	59	KS	3
2001	106	101	KS	3
2002	101	96	KS	3
2003	102	97	KS	3
2004	129	124	KS	3
2005	141	136	KS	3
2006	100	95	KS	3
2007	147	142	KS	3
2008	184	179	KS	3
2009	108	103	KS	3
2010	95	90	KS	3
2011	73	68	KS	3
2012	100	95	KS	3
1950	13	8	IL	4
1951	10	5	IL	4
1952	9	4	IL	4
1953	10	5	IL	4
1954	11	6	IL	4
1955	23	18	IL	4
1956	28	23	IL	4
1957	37	32	IL	4
1958	25	20	IL	4
1959	32	27	IL	4
1960	35	30	IL	4
1961	35	30	IL	4
1962	14	9	IL	4
1963	16	11	IL	4
1964	11	6	IL	4
1965	18	13	IL	4
1966	10	5	IL	4
1967	26	21	IL	4
1968	11	6	IL	4
1969	11	6	IL	4
1970	15	10	IL	4
1971	18	13	IL	4
1972	31	26	IL	4
1973	65	60	IL	4
1974	98	93	IL	4
1975	36	31	IL	4
1976	25	20	IL	4
1977	18	13	IL	4
1978	13	8	IL	4
1979	8	3	IL	4
1980	12	7	IL	4
1981	32	27	IL	4
1982	34	29	IL	4
1983	8	3	IL	4
1984	25	20	IL	4
1985	13	8	IL	4
1986	15	10	IL	4
1987	13	8	IL	4
1988	14	9	IL	4
1989	11	6	IL	4
1990	39	34	IL	4
1991	20	15	IL	4
1992	20	15	IL	4
1993	22	17	IL	4
1994	13	8	IL	4
1995	61	56	IL	4
1996	67	62	IL	4
1997	37	32	IL	4
1998	104	99	IL	4
1999	69	64	IL	4
2000	60	55	IL	4
2001	26	21	IL	4
2002	42	37	IL	4
2003	128	123	IL	4
2004	85	80	IL	4
2005	26	21	IL	4
2006	129	124	IL	4
2007	28	23	IL	4
2008	54	49	IL	4
2009	58	53	IL	4
2010	54	49	IL	4
2011	78	73	IL	4
2012	37	32	IL	4
1950	15	10	MS	5
1951	10	5	MS	5
1952	10	5	MS	5
1953	22	17	MS	5
1954	16	11	MS	5
1955	9	4	MS	5
1956	11	6	MS	5
1957	29	24	MS	5
1958	17	12	MS	5
1959	21	16	MS	5
1960	10	5	MS	5
1961	18	13	MS	5
1962	18	13	MS	5
1963	11	6	MS	5
1964	9	4	MS	5
1965	20	15	MS	5
1966	18	13	MS	5
1967	16	11	MS	5
1968	19	14	MS	5
1969	26	21	MS	5
1970	23	18	MS	5
1971	39	34	MS	5
1972	19	14	MS	5
1973	40	35	MS	5
1974	34	29	MS	5
1975	22	17	MS	5
1976	31	26	MS	5
1977	33	28	MS	5
1978	14	9	MS	5
1979	6	1	MS	5
1980	20	15	MS	5
1981	9	4	MS	5
1982	13	8	MS	5
1983	11	6	MS	5
1984	11	6	MS	5
1985	10	5	MS	5
1986	19	14	MS	5
1987	31	26	MS	5
1988	34	29	MS	5
1989	18	13	MS	5
1990	16	11	MS	5
1991	9	4	MS	5
1992	24	19	MS	5
1993	8	3	MS	5
1994	19	14	MS	5
1995	21	16	MS	5
1996	32	27	MS	5
1997	40	35	MS	5
1998	19	14	MS	5
1999	49	44	MS	5
2000	32	27	MS	5
2001	65	60	MS	5
2002	37	32	MS	5
2003	56	51	MS	5
2004	60	55	MS	5
2005	110	105	MS	5
2006	38	33	MS	5
2007	38	33	MS	5
2008	115	110	MS	5
2009	51	46	MS	5
2010	47	42	MS	5
2011	111	106	MS	5
2012	53	48	MS	5
1950	6	1	AL	6
1951	8	3	AL	6
1952	12	7	AL	6
1953	16	11	AL	6
1954	15	10	AL	6
1955	9	4	AL	6
1956	10	5	AL	6
1957	46	41	AL	6
1958	20	15	AL	6
1959	12	7	AL	6
1960	13	8	AL	6
1961	23	18	AL	6
1962	12	7	AL	6
1963	26	21	AL	6
1964	31	26	AL	6
1965	13	8	AL	6
1966	13	8	AL	6
1967	25	20	AL	6
1968	12	7	AL	6
1969	14	9	AL	6
1970	15	10	AL	6
1971	16	11	AL	6
1972	13	8	AL	6
1973	37	32	AL	6
1974	35	30	AL	6
1975	24	19	AL	6
1976	20	15	AL	6
1977	18	13	AL	6
1978	14	9	AL	6
1979	19	14	AL	6
1980	27	22	AL	6
1981	12	7	AL	6
1982	14	9	AL	6
1983	33	28	AL	6
1984	31	26	AL	6
1985	33	28	AL	6
1986	17	12	AL	6
1987	6	1	AL	6
1988	12	7	AL	6
1989	15	10	AL	6
1990	9	4	AL	6
1992	21	16	AL	6
1993	7	2	AL	6
1994	17	12	AL	6
1995	30	25	AL	6
1996	38	33	AL	6
1997	35	30	AL	6
1998	55	50	AL	6
1999	28	23	AL	6
2000	49	44	AL	6
2001	60	55	AL	6
2002	43	38	AL	6
2003	47	42	AL	6
2004	64	59	AL	6
2005	86	81	AL	6
2006	75	70	AL	6
2007	48	43	AL	6
2008	99	94	AL	6
2009	85	80	AL	6
2010	44	39	AL	6
2011	157	152	AL	6
2012	61	56	AL	6
1950	8	3	IA	7
1951	7	2	IA	7
1952	11	6	IA	7
1953	29	24	IA	7
1954	21	16	IA	7
1955	10	5	IA	7
1956	12	7	IA	7
1957	13	8	IA	7
1958	13	8	IA	7
1959	20	15	IA	7
1960	18	13	IA	7
1961	12	7	IA	7
1962	13	8	IA	7
1963	17	12	IA	7
1964	36	31	IA	7
1965	32	27	IA	7
1966	21	16	IA	7
1967	40	35	IA	7
1968	15	10	IA	7
1969	19	14	IA	7
1970	15	10	IA	7
1971	33	28	IA	7
1972	19	14	IA	7
1973	15	10	IA	7
1974	25	20	IA	7
1975	40	35	IA	7
1976	19	14	IA	7
1977	10	5	IA	7
1978	13	8	IA	7
1979	31	26	IA	7
1980	30	25	IA	7
1981	32	27	IA	7
1982	21	16	IA	7
1983	23	18	IA	7
1984	54	49	IA	7
1985	21	16	IA	7
1986	34	29	IA	7
1987	20	15	IA	7
1988	26	21	IA	7
1989	21	16	IA	7
1990	49	44	IA	7
1991	42	37	IA	7
1992	24	19	IA	7
1993	33	28	IA	7
1994	34	29	IA	7
1995	33	28	IA	7
1996	27	22	IA	7
1997	30	25	IA	7
1998	77	72	IA	7
1999	64	59	IA	7
2000	50	45	IA	7
2001	110	105	IA	7
2002	36	31	IA	7
2003	33	28	IA	7
2004	126	121	IA	7
2005	49	44	IA	7
2006	44	39	IA	7
2007	48	43	IA	7
2008	109	104	IA	7
2009	30	25	IA	7
2010	38	33	IA	7
2011	57	52	IA	7
2012	21	16	IA	7
1950	7	2	IN	8
1951	7	2	IN	8
1952	7	2	IN	8
1953	11	6	IN	8
1954	33	28	IN	8
1955	17	12	IN	8
1956	26	21	IN	8
1957	31	26	IN	8
1958	26	21	IN	8
1959	13	8	IN	8
1960	13	8	IN	8
1961	31	26	IN	8
1962	16	11	IN	8
1963	28	23	IN	8
1964	12	7	IN	8
1965	39	34	IN	8
1966	15	10	IN	8
1967	28	23	IN	8
1968	19	14	IN	8
1969	22	17	IN	8
1970	13	8	IN	8
1971	15	10	IN	8
1972	9	4	IN	8
1973	36	31	IN	8
1974	30	25	IN	8
1975	15	10	IN	8
1976	32	27	IN	8
1977	10	5	IN	8
1978	16	11	IN	8
1979	19	14	IN	8
1980	35	30	IN	8
1981	13	8	IN	8
1982	8	3	IN	8
1983	10	5	IN	8
1984	9	4	IN	8
1985	6	1	IN	8
1986	18	13	IN	8
1987	6	1	IN	8
1988	12	7	IN	8
1989	15	10	IN	8
1990	43	38	IN	8
1991	12	7	IN	8
1992	41	36	IN	8
1993	12	7	IN	8
1994	15	10	IN	8
1995	11	6	IN	8
1996	35	30	IN	8
1997	20	15	IN	8
1998	39	34	IN	8
1999	15	10	IN	8
2000	18	13	IN	8
2001	29	24	IN	8
2002	21	16	IN	8
2003	30	25	IN	8
2004	52	47	IN	8
2005	21	16	IN	8
2006	30	25	IN	8
2007	23	18	IN	8
2008	35	30	IN	8
2009	16	11	IN	8
2010	32	27	IN	8
2011	78	73	IN	8
2012	24	19	IN	8
1950	13	8	LA	9
1951	7	2	LA	9
1952	9	4	LA	9
1953	19	14	LA	9
1954	8	3	LA	9
1955	6	1	LA	9
1956	7	2	LA	9
1957	15	10	LA	9
1958	10	5	LA	9
1959	11	6	LA	9
1960	10	5	LA	9
1961	19	14	LA	9
1962	7	2	LA	9
1963	9	4	LA	9
1964	11	6	LA	9
1965	14	9	LA	9
1966	11	6	LA	9
1967	9	4	LA	9
1968	7	2	LA	9
1969	9	4	LA	9
1970	8	3	LA	9
1971	16	11	LA	9
1972	10	5	LA	9
1973	19	14	LA	9
1974	42	37	LA	9
1975	34	29	LA	9
1976	16	11	LA	9
1977	34	29	LA	9
1978	23	18	LA	9
1979	11	6	LA	9
1980	12	7	LA	9
1981	21	16	LA	9
1982	26	21	LA	9
1983	35	30	LA	9
1984	23	18	LA	9
1985	14	9	LA	9
1986	20	15	LA	9
1987	11	6	LA	9
1989	18	13	LA	9
1990	18	13	LA	9
1991	11	6	LA	9
1992	37	32	LA	9
1993	13	8	LA	9
1995	23	18	LA	9
1996	23	18	LA	9
1997	24	19	LA	9
1998	31	26	LA	9
1999	71	66	LA	9
2000	48	43	LA	9
2001	39	34	LA	9
2002	39	34	LA	9
2003	28	23	LA	9
2004	34	29	LA	9
2005	28	23	LA	9
2006	48	43	LA	9
2007	29	24	LA	9
2008	79	74	LA	9
2009	81	76	LA	9
2010	31	26	LA	9
2011	67	62	LA	9
2012	50	45	LA	9
1950	14	9	AR	10
1951	7	2	AR	10
1952	27	22	AR	10
1953	14	9	AR	10
1954	20	15	AR	10
1955	20	15	AR	10
1956	13	8	AR	10
1957	24	19	AR	10
1958	11	6	AR	10
1959	13	8	AR	10
1960	26	21	AR	10
1961	28	23	AR	10
1962	8	3	AR	10
1963	6	1	AR	10
1964	25	20	AR	10
1965	22	17	AR	10
1966	9	4	AR	10
1967	12	7	AR	10
1968	18	13	AR	10
1969	7	2	AR	10
1970	16	11	AR	10
1971	19	14	AR	10
1972	10	5	AR	10
1973	35	30	AR	10
1974	12	7	AR	10
1975	13	8	AR	10
1976	17	12	AR	10
1977	14	9	AR	10
1978	39	34	AR	10
1979	30	25	AR	10
1980	20	15	AR	10
1981	13	8	AR	10
1982	55	50	AR	10
1983	13	8	AR	10
1984	23	18	AR	10
1985	11	6	AR	10
1986	6	1	AR	10
1987	7	2	AR	10
1988	14	9	AR	10
1989	11	6	AR	10
1990	11	6	AR	10
1991	11	6	AR	10
1992	7	2	AR	10
1993	14	9	AR	10
1994	14	9	AR	10
1995	16	11	AR	10
1996	34	29	AR	10
1997	50	45	AR	10
1998	41	36	AR	10
1999	113	108	AR	10
2000	42	37	AR	10
2001	45	40	AR	10
2002	40	35	AR	10
2003	68	63	AR	10
2004	53	48	AR	10
2005	74	69	AR	10
2006	31	26	AR	10
2007	21	16	AR	10
2008	87	82	AR	10
2009	54	49	AR	10
2010	40	35	AR	10
2011	83	78	AR	10
2012	23	18	AR	10
1952	6	1	MD	11
1954	7	2	MD	11
1959	6	1	MD	11
1961	7	2	MD	11
1962	6	1	MD	11
1963	6	1	MD	11
1965	6	1	MD	11
1967	7	2	MD	11
1971	8	3	MD	11
1973	8	3	MD	11
1974	7	2	MD	11
1975	10	5	MD	11
1976	7	2	MD	11
1977	6	1	MD	11
1978	8	3	MD	11
1979	6	1	MD	11
1980	7	2	MD	11
1983	7	2	MD	11
1984	10	5	MD	11
1989	6	1	MD	11
1990	11	6	MD	11
1992	14	9	MD	11
1993	7	2	MD	11
1994	11	6	MD	11
1995	11	6	MD	11
1996	28	23	MD	11
1997	9	4	MD	11
1998	16	11	MD	11
1999	8	3	MD	11
2000	13	8	MD	11
2001	15	10	MD	11
2002	19	14	MD	11
2003	15	10	MD	11
2004	25	20	MD	11
2006	8	3	MD	11
2007	7	2	MD	11
2008	13	8	MD	11
2009	15	10	MD	11
2010	9	4	MD	11
2011	32	27	MD	11
2012	21	16	MD	11
1950	10	5	NE	12
1951	12	7	NE	12
1952	11	6	NE	12
1953	30	25	NE	12
1954	14	9	NE	12
1955	31	26	NE	12
1956	23	18	NE	12
1957	32	27	NE	12
1958	27	22	NE	12
1959	28	23	NE	12
1960	29	24	NE	12
1961	13	8	NE	12
1962	35	30	NE	12
1963	13	8	NE	12
1964	36	31	NE	12
1965	36	31	NE	12
1966	11	6	NE	12
1967	27	22	NE	12
1968	14	9	NE	12
1969	19	14	NE	12
1970	14	9	NE	12
1971	57	52	NE	12
1972	29	24	NE	12
1973	22	17	NE	12
1974	34	29	NE	12
1975	49	44	NE	12
1976	17	12	NE	12
1977	18	13	NE	12
1978	9	4	NE	12
1979	19	14	NE	12
1980	33	28	NE	12
1981	15	10	NE	12
1982	23	18	NE	12
1983	16	11	NE	12
1984	36	31	NE	12
1985	24	19	NE	12
1986	44	39	NE	12
1987	15	10	NE	12
1988	13	8	NE	12
1989	29	24	NE	12
1990	46	41	NE	12
1991	32	27	NE	12
1992	47	42	NE	12
1993	38	33	NE	12
1994	37	32	NE	12
1995	24	19	NE	12
1996	65	60	NE	12
1997	36	31	NE	12
1998	70	65	NE	12
1999	108	103	NE	12
2000	65	60	NE	12
2001	67	62	NE	12
2002	32	27	NE	12
2003	86	81	NE	12
2004	116	111	NE	12
2005	45	40	NE	12
2006	27	22	NE	12
2007	52	47	NE	12
2008	63	58	NE	12
2009	44	39	NE	12
2010	42	37	NE	12
2011	60	55	NE	12
2012	48	43	NE	12
1951	6	1	SC	13
1952	6	1	SC	13
1953	8	3	SC	13
1955	7	2	SC	13
1956	7	2	SC	13
1957	10	5	SC	13
1958	6	1	SC	13
1959	6	1	SC	13
1960	8	3	SC	13
1961	8	3	SC	13
1962	6	1	SC	13
1963	8	3	SC	13
1964	12	7	SC	13
1965	11	6	SC	13
1966	8	3	SC	13
1967	10	5	SC	13
1969	12	7	SC	13
1971	7	2	SC	13
1972	9	4	SC	13
1973	20	15	SC	13
1974	6	1	SC	13
1975	10	5	SC	13
1976	12	7	SC	13
1977	8	3	SC	13
1978	8	3	SC	13
1979	7	2	SC	13
1980	10	5	SC	13
1981	8	3	SC	13
1982	10	5	SC	13
1983	10	5	SC	13
1984	20	15	SC	13
1985	9	4	SC	13
1989	13	8	SC	13
1990	15	10	SC	13
1991	8	3	SC	13
1992	10	5	SC	13
1993	11	6	SC	13
1994	36	31	SC	13
1995	34	29	SC	13
1996	29	24	SC	13
1997	22	17	SC	13
1998	47	42	SC	13
1999	22	17	SC	13
2000	25	20	SC	13
2001	19	14	SC	13
2002	17	12	SC	13
2003	23	18	SC	13
2004	92	87	SC	13
2005	19	14	SC	13
2006	41	36	SC	13
2007	23	18	SC	13
2008	54	49	SC	13
2009	24	19	SC	13
2010	28	23	SC	13
2011	25	20	SC	13
2012	15	10	SC	13
1952	18	13	TN	14
1953	11	6	TN	14
1954	6	1	TN	14
1955	15	10	TN	14
1956	11	6	TN	14
1957	18	13	TN	14
1958	6	1	TN	14
1959	8	3	TN	14
1960	7	2	TN	14
1961	8	3	TN	14
1962	6	1	TN	14
1963	16	11	TN	14
1964	9	4	TN	14
1965	14	9	TN	14
1966	10	5	TN	14
1967	20	15	TN	14
1968	16	11	TN	14
1969	6	1	TN	14
1970	17	12	TN	14
1971	17	12	TN	14
1972	11	6	TN	14
1973	20	15	TN	14
1974	43	38	TN	14
1975	13	8	TN	14
1976	10	5	TN	14
1977	16	11	TN	14
1978	10	5	TN	14
1979	6	1	TN	14
1980	16	11	TN	14
1981	7	2	TN	14
1982	7	2	TN	14
1983	7	2	TN	14
1984	21	16	TN	14
1985	10	5	TN	14
1986	6	1	TN	14
1987	6	1	TN	14
1988	14	9	TN	14
1989	10	5	TN	14
1990	6	1	TN	14
1991	9	4	TN	14
1992	7	2	TN	14
1993	11	6	TN	14
1994	19	14	TN	14
1995	24	19	TN	14
1996	22	17	TN	14
1997	42	37	TN	14
1998	38	33	TN	14
1999	28	23	TN	14
2000	32	27	TN	14
2001	19	14	TN	14
2002	36	31	TN	14
2003	50	45	TN	14
2004	21	16	TN	14
2005	28	23	TN	14
2006	31	26	TN	14
2007	16	11	TN	14
2008	48	43	TN	14
2009	51	46	TN	14
2010	36	31	TN	14
2011	108	103	TN	14
2012	34	29	TN	14
1950	9	4	MO	15
1951	8	3	MO	15
1952	12	7	MO	15
1953	7	2	MO	15
1954	25	20	MO	15
1955	20	15	MO	15
1956	19	14	MO	15
1957	25	20	MO	15
1958	17	12	MO	15
1959	22	17	MO	15
1960	19	14	MO	15
1961	25	20	MO	15
1962	14	9	MO	15
1963	7	2	MO	15
1964	14	9	MO	15
1965	20	15	MO	15
1966	23	18	MO	15
1967	52	47	MO	15
1968	20	15	MO	15
1969	19	14	MO	15
1970	30	25	MO	15
1971	21	16	MO	15
1972	14	9	MO	15
1973	37	32	MO	15
1974	18	13	MO	15
1975	15	10	MO	15
1976	8	3	MO	15
1977	17	12	MO	15
1978	8	3	MO	15
1979	11	6	MO	15
1980	12	7	MO	15
1981	16	11	MO	15
1982	34	29	MO	15
1983	14	9	MO	15
1984	22	17	MO	15
1985	7	2	MO	15
1986	14	9	MO	15
1987	6	1	MO	15
1988	10	5	MO	15
1990	10	5	MO	15
1991	8	3	MO	15
1992	9	4	MO	15
1993	18	13	MO	15
1994	10	5	MO	15
1995	27	22	MO	15
1996	34	29	MO	15
1997	17	12	MO	15
1998	28	23	MO	15
1999	48	43	MO	15
2000	32	27	MO	15
2001	45	40	MO	15
2002	33	28	MO	15
2003	91	86	MO	15
2004	76	71	MO	15
2005	44	39	MO	15
2006	110	105	MO	15
2007	47	42	MO	15
2008	100	95	MO	15
2009	49	44	MO	15
2010	69	64	MO	15
2011	84	79	MO	15
2012	35	30	MO	15
1950	24	19	TX	16
1951	12	7	TX	16
1952	11	6	TX	16
1953	25	20	TX	16
1954	57	52	TX	16
1955	72	67	TX	16
1956	23	18	TX	16
1957	78	73	TX	16
1958	43	38	TX	16
1959	50	45	TX	16
1960	35	30	TX	16
1961	54	49	TX	16
1962	45	40	TX	16
1963	26	21	TX	16
1964	31	26	TX	16
1965	56	51	TX	16
1966	29	24	TX	16
1967	80	75	TX	16
1968	66	61	TX	16
1969	90	85	TX	16
1970	56	51	TX	16
1971	95	90	TX	16
1972	71	66	TX	16
1973	94	89	TX	16
1974	58	53	TX	16
1975	92	87	TX	16
1976	122	117	TX	16
1977	73	68	TX	16
1978	63	58	TX	16
1979	119	114	TX	16
1980	98	93	TX	16
1981	91	86	TX	16
1982	124	119	TX	16
1983	66	61	TX	16
1984	59	54	TX	16
1985	51	46	TX	16
1986	27	22	TX	16
1987	50	45	TX	16
1988	23	18	TX	16
1989	62	57	TX	16
1990	27	22	TX	16
1991	54	49	TX	16
1992	82	77	TX	16
1993	76	71	TX	16
1994	142	137	TX	16
1995	153	148	TX	16
1996	143	138	TX	16
1997	196	191	TX	16
1998	125	120	TX	16
1999	173	168	TX	16
2000	153	148	TX	16
2001	144	139	TX	16
2002	180	175	TX	16
2003	165	160	TX	16
2004	184	179	TX	16
2005	110	105	TX	16
2006	121	116	TX	16
2007	204	199	TX	16
2008	124	119	TX	16
2009	137	132	TX	16
2010	114	109	TX	16
2011	109	104	TX	16
2012	120	115	TX	16
1950	9	4	NC	17
1951	7	2	NC	17
1952	9	4	NC	17
1953	7	2	NC	17
1954	9	4	NC	17
1955	10	5	NC	17
1956	8	3	NC	17
1957	10	5	NC	17
1958	7	2	NC	17
1959	13	8	NC	17
1960	12	7	NC	17
1961	7	2	NC	17
1962	7	2	NC	17
1963	11	6	NC	17
1964	14	9	NC	17
1965	11	6	NC	17
1966	8	3	NC	17
1967	10	5	NC	17
1968	8	3	NC	17
1969	13	8	NC	17
1970	6	1	NC	17
1971	8	3	NC	17
1972	8	3	NC	17
1973	39	34	NC	17
1974	20	15	NC	17
1975	34	29	NC	17
1976	19	14	NC	17
1977	16	11	NC	17
1978	10	5	NC	17
1979	12	7	NC	17
1980	14	9	NC	17
1981	15	10	NC	17
1982	10	5	NC	17
1983	15	10	NC	17
1984	22	17	NC	17
1985	7	2	NC	17
1986	8	3	NC	17
1987	6	1	NC	17
1988	10	5	NC	17
1989	18	13	NC	17
1990	11	6	NC	17
1991	15	10	NC	17
1992	14	9	NC	17
1993	6	1	NC	17
1994	15	10	NC	17
1995	13	8	NC	17
1996	59	54	NC	17
1997	15	10	NC	17
1998	71	66	NC	17
1999	42	37	NC	17
2000	28	23	NC	17
2001	18	13	NC	17
2002	16	11	NC	17
2003	41	36	NC	17
2004	72	67	NC	17
2005	28	23	NC	17
2006	36	31	NC	17
2007	18	13	NC	17
2008	55	50	NC	17
2009	38	33	NC	17
2010	31	26	NC	17
2011	71	66	NC	17
2012	28	23	NC	17
1950	7	2	KY	18
1951	6	1	KY	18
1952	8	3	KY	18
1954	8	3	KY	18
1955	8	3	KY	18
1956	13	8	KY	18
1957	7	2	KY	18
1958	12	7	KY	18
1959	7	2	KY	18
1960	6	1	KY	18
1961	8	3	KY	18
1962	7	2	KY	18
1963	12	7	KY	18
1964	16	11	KY	18
1965	13	8	KY	18
1966	7	2	KY	18
1967	17	12	KY	18
1968	12	7	KY	18
1969	9	4	KY	18
1970	11	6	KY	18
1971	20	15	KY	18
1972	11	6	KY	18
1973	11	6	KY	18
1974	36	31	KY	18
1975	6	1	KY	18
1976	8	3	KY	18
1977	10	5	KY	18
1978	9	4	KY	18
1979	9	4	KY	18
1980	16	11	KY	18
1981	7	2	KY	18
1982	12	7	KY	18
1984	12	7	KY	18
1985	6	1	KY	18
1986	13	8	KY	18
1988	8	3	KY	18
1989	14	9	KY	18
1990	10	5	KY	18
1991	9	4	KY	18
1992	12	7	KY	18
1993	7	2	KY	18
1994	12	7	KY	18
1995	16	11	KY	18
1996	30	25	KY	18
1997	44	39	KY	18
1998	18	13	KY	18
1999	11	6	KY	18
2000	28	23	KY	18
2001	11	6	KY	18
2002	20	15	KY	18
2003	41	36	KY	18
2004	27	22	KY	18
2005	24	19	KY	18
2006	25	20	KY	18
2007	35	30	KY	18
2008	41	36	KY	18
2009	38	33	KY	18
2010	25	20	KY	18
2011	65	60	KY	18
2012	51	46	KY	18
1951	6	1	SD	19
1952	7	2	SD	19
1953	14	9	SD	19
1954	17	12	SD	19
1955	15	10	SD	19
1956	13	8	SD	19
1957	23	18	SD	19
1958	6	1	SD	19
1959	16	11	SD	19
1960	13	8	SD	19
1961	11	6	SD	19
1962	36	31	SD	19
1963	11	6	SD	19
1964	29	24	SD	19
1965	47	42	SD	19
1966	27	22	SD	19
1967	17	12	SD	19
1968	21	16	SD	19
1969	24	19	SD	19
1970	22	17	SD	19
1971	47	42	SD	19
1972	31	26	SD	19
1973	12	7	SD	19
1974	18	13	SD	19
1975	35	30	SD	19
1976	7	2	SD	19
1977	7	2	SD	19
1978	7	2	SD	19
1979	33	28	SD	19
1980	36	31	SD	19
1981	22	17	SD	19
1982	36	31	SD	19
1983	19	14	SD	19
1984	37	32	SD	19
1985	49	44	SD	19
1986	26	21	SD	19
1987	21	16	SD	19
1989	6	1	SD	19
1990	7	2	SD	19
1991	19	14	SD	19
1992	20	15	SD	19
1993	54	49	SD	19
1994	35	30	SD	19
1995	15	10	SD	19
1996	51	46	SD	19
1997	35	30	SD	19
1998	34	29	SD	19
1999	46	41	SD	19
2000	23	18	SD	19
2001	36	31	SD	19
2002	17	12	SD	19
2003	86	81	SD	19
2004	40	35	SD	19
2005	24	19	SD	19
2006	32	27	SD	19
2007	47	42	SD	19
2008	32	27	SD	19
2009	39	34	SD	19
2010	43	38	SD	19
2011	24	19	SD	19
2012	16	11	SD	19
1950	8	3	OH	20
1951	7	2	OH	20
1952	7	2	OH	20
1953	7	2	OH	20
1954	15	10	OH	20
1955	9	4	OH	20
1956	9	4	OH	20
1957	8	3	OH	20
1958	16	11	OH	20
1959	15	10	OH	20
1960	9	4	OH	20
1961	19	14	OH	20
1962	7	2	OH	20
1963	20	15	OH	20
1964	9	4	OH	20
1965	33	28	OH	20
1966	7	2	OH	20
1967	11	6	OH	20
1968	15	10	OH	20
1969	16	11	OH	20
1970	17	12	OH	20
1971	11	6	OH	20
1972	9	4	OH	20
1973	22	17	OH	20
1974	21	16	OH	20
1975	11	6	OH	20
1976	11	6	OH	20
1977	9	4	OH	20
1978	13	8	OH	20
1979	7	2	OH	20
1980	9	4	OH	20
1981	19	14	OH	20
1982	8	3	OH	20
1983	11	6	OH	20
1985	21	16	OH	20
1986	23	18	OH	20
1987	6	1	OH	20
1989	12	7	OH	20
1990	15	10	OH	20
1991	11	6	OH	20
1992	49	44	OH	20
1993	18	13	OH	20
1994	8	3	OH	20
1995	10	5	OH	20
1996	15	10	OH	20
1997	20	15	OH	20
1998	29	24	OH	20
1999	23	18	OH	20
2000	31	26	OH	20
2001	13	8	OH	20
2002	29	24	OH	20
2003	18	13	OH	20
2004	13	8	OH	20
2005	9	4	OH	20
2006	41	36	OH	20
2007	17	12	OH	20
2008	18	13	OH	20
2009	18	13	OH	20
2010	46	41	OH	20
2011	44	39	OH	20
2012	18	13	OH	20
1950	6	1	MN	21
1951	8	3	MN	21
1952	11	6	MN	21
1953	12	7	MN	21
1954	11	6	MN	21
1955	14	9	MN	21
1956	13	8	MN	21
1957	16	11	MN	21
1958	17	12	MN	21
1959	14	9	MN	21
1960	10	5	MN	21
1961	12	7	MN	21
1962	15	10	MN	21
1963	11	6	MN	21
1964	22	17	MN	21
1965	27	22	MN	21
1966	24	19	MN	21
1967	27	22	MN	21
1968	34	29	MN	21
1969	21	16	MN	21
1970	13	8	MN	21
1971	18	13	MN	21
1972	8	3	MN	21
1973	12	7	MN	21
1974	13	8	MN	21
1975	14	9	MN	21
1976	12	7	MN	21
1977	20	15	MN	21
1978	20	15	MN	21
1979	18	13	MN	21
1980	16	11	MN	21
1981	25	20	MN	21
1982	14	9	MN	21
1983	12	7	MN	21
1984	20	15	MN	21
1985	20	15	MN	21
1986	11	6	MN	21
1987	16	11	MN	21
1988	7	2	MN	21
1989	14	9	MN	21
1990	13	8	MN	21
1991	21	16	MN	21
1992	32	27	MN	21
1993	44	39	MN	21
1994	32	27	MN	21
1995	33	28	MN	21
1996	39	34	MN	21
1997	52	47	MN	21
1998	64	59	MN	21
1999	41	36	MN	21
2000	37	32	MN	21
2001	78	73	MN	21
2002	39	34	MN	21
2003	52	47	MN	21
2004	64	59	MN	21
2005	76	71	MN	21
2006	30	25	MN	21
2007	23	18	MN	21
2008	44	39	MN	21
2009	29	24	MN	21
2010	119	114	MN	21
2011	37	32	MN	21
2012	41	36	MN	21
1950	9	4	WI	22
1951	8	3	WI	22
1952	6	1	WI	22
1953	7	2	WI	22
1954	15	10	WI	22
1955	12	7	WI	22
1956	11	6	WI	22
1957	17	12	WI	22
1958	16	11	WI	22
1959	16	11	WI	22
1960	9	4	WI	22
1961	9	4	WI	22
1962	10	5	WI	22
1963	13	8	WI	22
1964	24	19	WI	22
1965	14	9	WI	22
1966	19	14	WI	22
1967	22	17	WI	22
1968	14	9	WI	22
1969	23	18	WI	22
1970	21	16	WI	22
1971	21	16	WI	22
1972	19	14	WI	22
1973	12	7	WI	22
1974	14	9	WI	22
1975	9	4	WI	22
1976	10	5	WI	22
1977	14	9	WI	22
1978	9	4	WI	22
1979	33	28	WI	22
1980	32	27	WI	22
1981	20	15	WI	22
1982	15	10	WI	22
1983	16	11	WI	22
1984	28	23	WI	22
1985	17	12	WI	22
1986	13	8	WI	22
1987	14	9	WI	22
1988	26	21	WI	22
1989	10	5	WI	22
1990	8	3	WI	22
1991	13	8	WI	22
1992	17	12	WI	22
1993	23	18	WI	22
1994	29	24	WI	22
1995	10	5	WI	22
1996	26	21	WI	22
1997	19	14	WI	22
1998	29	24	WI	22
1999	16	11	WI	22
2000	23	18	WI	22
2001	17	12	WI	22
2002	32	27	WI	22
2003	19	14	WI	22
2004	41	36	WI	22
2005	68	63	WI	22
2006	18	13	WI	22
2007	23	18	WI	22
2008	43	38	WI	22
2009	21	16	WI	22
2010	53	48	WI	22
2011	47	42	WI	22
2012	9	4	WI	22
2001	6	1	DC	23
1950	6	1	GA	24
1951	6	1	GA	24
1952	13	8	GA	24
1953	8	3	GA	24
1954	22	17	GA	24
1955	14	9	GA	24
1956	13	8	GA	24
1957	15	10	GA	24
1958	7	2	GA	24
1959	10	5	GA	24
1961	18	13	GA	24
1962	7	2	GA	24
1963	14	9	GA	24
1964	9	4	GA	24
1965	10	5	GA	24
1966	11	6	GA	24
1967	10	5	GA	24
1968	11	6	GA	24
1969	10	5	GA	24
1970	12	7	GA	24
1971	27	22	GA	24
1972	17	12	GA	24
1973	25	20	GA	24
1974	22	17	GA	24
1975	14	9	GA	24
1976	12	7	GA	24
1977	10	5	GA	24
1978	16	11	GA	24
1979	17	12	GA	24
1980	23	18	GA	24
1981	7	2	GA	24
1982	10	5	GA	24
1983	15	10	GA	24
1984	17	12	GA	24
1985	11	6	GA	24
1986	11	6	GA	24
1987	6	1	GA	24
1988	7	2	GA	24
1989	27	22	GA	24
1990	9	4	GA	24
1991	15	10	GA	24
1992	18	13	GA	24
1993	15	10	GA	24
1994	25	20	GA	24
1995	19	14	GA	24
1996	23	18	GA	24
1997	27	22	GA	24
1998	43	38	GA	24
1999	17	12	GA	24
2000	33	28	GA	24
2001	17	12	GA	24
2002	29	24	GA	24
2003	32	27	GA	24
2004	50	45	GA	24
2005	59	54	GA	24
2006	26	21	GA	24
2007	47	42	GA	24
2008	65	60	GA	24
2009	60	55	GA	24
2010	16	11	GA	24
2011	48	43	GA	24
2012	20	15	GA	24
1950	6	1	ND	25
1951	6	1	ND	25
1952	11	6	ND	25
1953	12	7	ND	25
1954	7	2	ND	25
1955	12	7	ND	25
1956	10	5	ND	25
1957	11	6	ND	25
1958	11	6	ND	25
1959	9	4	ND	25
1960	14	9	ND	25
1962	12	7	ND	25
1963	10	5	ND	25
1964	14	9	ND	25
1965	26	21	ND	25
1966	21	16	ND	25
1967	17	12	ND	25
1968	9	4	ND	25
1969	10	5	ND	25
1970	13	8	ND	25
1971	18	13	ND	25
1972	10	5	ND	25
1973	15	10	ND	25
1974	29	24	ND	25
1975	17	12	ND	25
1976	45	40	ND	25
1977	25	20	ND	25
1978	29	24	ND	25
1979	30	25	ND	25
1980	34	29	ND	25
1981	6	1	ND	25
1982	9	4	ND	25
1983	9	4	ND	25
1984	11	6	ND	25
1985	13	8	ND	25
1986	8	3	ND	25
1990	27	22	ND	25
1991	18	13	ND	25
1992	17	12	ND	25
1993	39	34	ND	25
1994	18	13	ND	25
1995	16	11	ND	25
1996	30	25	ND	25
1997	36	31	ND	25
1998	33	28	ND	25
1999	63	58	ND	25
2000	33	28	ND	25
2001	52	47	ND	25
2002	22	17	ND	25
2003	37	32	ND	25
2004	52	47	ND	25
2005	58	53	ND	25
2006	26	21	ND	25
2007	44	39	ND	25
2008	31	26	ND	25
2009	35	30	ND	25
2010	66	61	ND	25
2011	64	59	ND	25
2012	14	9	ND	25
1950	6	1	CO	26
1951	11	6	CO	26
1952	6	1	CO	26
1953	10	5	CO	26
1954	7	2	CO	26
1955	10	5	CO	26
1956	9	4	CO	26
1957	16	11	CO	26
1958	13	8	CO	26
1960	16	11	CO	26
1961	17	12	CO	26
1962	30	25	CO	26
1963	7	2	CO	26
1964	7	2	CO	26
1965	35	30	CO	26
1966	16	11	CO	26
1967	24	19	CO	26
1968	9	4	CO	26
1969	14	9	CO	26
1970	8	3	CO	26
1971	18	13	CO	26
1972	15	10	CO	26
1973	7	2	CO	26
1974	10	5	CO	26
1975	11	6	CO	26
1976	33	28	CO	26
1977	19	14	CO	26
1978	7	2	CO	26
1979	8	3	CO	26
1980	13	8	CO	26
1981	9	4	CO	26
1982	8	3	CO	26
1983	8	3	CO	26
1984	11	6	CO	26
1985	6	1	CO	26
1986	7	2	CO	26
1987	8	3	CO	26
1988	9	4	CO	26
1989	7	2	CO	26
1990	33	28	CO	26
1991	45	40	CO	26
1992	74	69	CO	26
1993	74	69	CO	26
1994	46	41	CO	26
1995	41	36	CO	26
1996	103	98	CO	26
1997	52	47	CO	26
1998	43	38	CO	26
1999	46	41	CO	26
2000	65	60	CO	26
2001	51	46	CO	26
2002	30	25	CO	26
2003	34	29	CO	26
2004	89	84	CO	26
2005	39	34	CO	26
2006	25	20	CO	26
2007	61	56	CO	26
2008	35	30	CO	26
2009	47	42	CO	26
2010	76	71	CO	26
2011	26	21	CO	26
2012	38	33	CO	26
1955	6	1	DE	27
1957	6	1	DE	27
1973	6	1	DE	27
1975	10	5	DE	27
1976	6	1	DE	27
1984	7	2	DE	27
1988	6	1	DE	27
1989	6	1	DE	27
1992	6	1	DE	27
1993	9	4	DE	27
1994	6	1	DE	27
1995	6	1	DE	27
1998	6	1	DE	27
2004	7	2	DE	27
2011	6	1	DE	27
2012	6	1	DE	27
1951	8	3	CT	28
1956	6	1	CT	28
1961	6	1	CT	28
1962	7	2	CT	28
1963	6	1	CT	28
1965	6	1	CT	28
1966	7	2	CT	28
1968	7	2	CT	28
1970	7	2	CT	28
1971	6	1	CT	28
1972	6	1	CT	28
1973	11	6	CT	28
1974	6	1	CT	28
1975	6	1	CT	28
1979	6	1	CT	28
1984	6	1	CT	28
1985	8	3	CT	28
1989	8	3	CT	28
1993	6	1	CT	28
1996	7	2	CT	28
1998	9	4	CT	28
2000	6	1	CT	28
2001	9	4	CT	28
2002	9	4	CT	28
2006	6	1	CT	28
2007	7	2	CT	28
2009	8	3	CT	28
2010	11	6	CT	28
2011	6	1	CT	28
1951	10	5	VA	29
1952	6	1	VA	29
1953	8	3	VA	29
1954	10	5	VA	29
1955	6	1	VA	29
1956	7	2	VA	29
1957	6	1	VA	29
1959	10	5	VA	29
1960	7	2	VA	29
1961	8	3	VA	29
1962	12	7	VA	29
1963	6	1	VA	29
1964	6	1	VA	29
1965	7	2	VA	29
1966	8	3	VA	29
1967	6	1	VA	29
1968	7	2	VA	29
1969	10	5	VA	29
1970	9	4	VA	29
1971	6	1	VA	29
1972	7	2	VA	29
1973	10	5	VA	29
1974	12	7	VA	29
1975	17	12	VA	29
1976	6	1	VA	29
1977	6	1	VA	29
1978	7	2	VA	29
1979	6	1	VA	29
1980	7	2	VA	29
1981	9	4	VA	29
1983	9	4	VA	29
1984	8	3	VA	29
1985	6	1	VA	29
1986	9	4	VA	29
1987	6	1	VA	29
1988	8	3	VA	29
1989	8	3	VA	29
1990	15	10	VA	29
1991	6	1	VA	29
1992	6	1	VA	29
1993	17	12	VA	29
1994	7	2	VA	29
1995	8	3	VA	29
1996	30	25	VA	29
1997	15	10	VA	29
1998	20	15	VA	29
1999	15	10	VA	29
2000	16	11	VA	29
2001	19	14	VA	29
2002	12	7	VA	29
2003	37	32	VA	29
2004	89	84	VA	29
2005	29	24	VA	29
2006	21	16	VA	29
2007	7	2	VA	29
2008	37	32	VA	29
2009	21	16	VA	29
2010	12	7	VA	29
2011	54	49	VA	29
2012	16	11	VA	29
1951	10	5	MI	30
1953	17	12	MI	30
1954	12	7	MI	30
1955	14	9	MI	30
1956	23	18	MI	30
1957	14	9	MI	30
1958	11	6	MI	30
1959	7	2	MI	30
1960	9	4	MI	30
1961	9	4	MI	30
1962	7	2	MI	30
1963	7	2	MI	30
1964	17	12	MI	30
1965	19	14	MI	30
1966	10	5	MI	30
1967	20	15	MI	30
1968	16	11	MI	30
1969	9	4	MI	30
1971	10	5	MI	30
1972	20	15	MI	30
1973	29	24	MI	30
1974	23	18	MI	30
1975	24	19	MI	30
1976	26	21	MI	30
1977	23	18	MI	30
1978	7	2	MI	30
1979	10	5	MI	30
1980	22	17	MI	30
1981	7	2	MI	30
1982	18	13	MI	30
1983	17	12	MI	30
1984	13	8	MI	30
1985	12	7	MI	30
1986	20	15	MI	30
1987	16	11	MI	30
1988	12	7	MI	30
1989	12	7	MI	30
1990	14	9	MI	30
1991	17	12	MI	30
1992	13	8	MI	30
1993	12	7	MI	30
1994	9	4	MI	30
1995	12	7	MI	30
1996	18	13	MI	30
1997	23	18	MI	30
1998	27	22	MI	30
1999	15	10	MI	30
2000	9	4	MI	30
2001	40	35	MI	30
2002	17	12	MI	30
2003	18	13	MI	30
2004	28	23	MI	30
2005	10	5	MI	30
2006	15	10	MI	30
2007	28	23	MI	30
2008	17	12	MI	30
2009	8	3	MI	30
2010	32	27	MI	30
2011	20	15	MI	30
2012	11	6	MI	30
1951	7	2	MA	31
1953	7	2	MA	31
1954	6	1	MA	31
1955	8	3	MA	31
1956	10	5	MA	31
1958	11	6	MA	31
1960	6	1	MA	31
1961	6	1	MA	31
1962	7	2	MA	31
1963	7	2	MA	31
1964	9	4	MA	31
1965	7	2	MA	31
1966	8	3	MA	31
1967	6	1	MA	31
1968	8	3	MA	31
1970	10	5	MA	31
1971	8	3	MA	31
1972	9	4	MA	31
1973	7	2	MA	31
1974	6	1	MA	31
1977	7	2	MA	31
1978	6	1	MA	31
1979	6	1	MA	31
1981	6	1	MA	31
1983	6	1	MA	31
1985	6	1	MA	31
1986	8	3	MA	31
1989	8	3	MA	31
1992	6	1	MA	31
1995	6	1	MA	31
1997	13	8	MA	31
2000	6	1	MA	31
2001	7	2	MA	31
2002	6	1	MA	31
2004	7	2	MA	31
2005	6	1	MA	31
2006	6	1	MA	31
2007	6	1	MA	31
2008	6	1	MA	31
2011	9	4	MA	31
2012	6	1	MA	31
1950	9	4	PA	32
1951	9	4	PA	32
1952	9	4	PA	32
1953	9	4	PA	32
1954	18	13	PA	32
1955	8	3	PA	32
1956	10	5	PA	32
1957	9	4	PA	32
1958	6	1	PA	32
1960	7	2	PA	32
1961	8	3	PA	32
1962	8	3	PA	32
1963	8	3	PA	32
1964	8	3	PA	32
1965	8	3	PA	32
1966	6	1	PA	32
1967	8	3	PA	32
1968	10	5	PA	32
1969	6	1	PA	32
1970	8	3	PA	32
1971	8	3	PA	32
1972	7	2	PA	32
1973	14	9	PA	32
1974	7	2	PA	32
1975	16	11	PA	32
1976	15	10	PA	32
1977	9	4	PA	32
1978	12	7	PA	32
1979	10	5	PA	32
1980	13	8	PA	32
1981	20	15	PA	32
1982	6	1	PA	32
1983	10	5	PA	32
1984	11	6	PA	32
1985	32	27	PA	32
1986	9	4	PA	32
1989	15	10	PA	32
1990	14	9	PA	32
1991	11	6	PA	32
1992	13	8	PA	32
1993	9	4	PA	32
1994	16	11	PA	32
1995	6	1	PA	32
1996	30	25	PA	32
1997	19	14	PA	32
1998	66	61	PA	32
1999	14	9	PA	32
2000	10	5	PA	32
2001	17	12	PA	32
2002	21	16	PA	32
2003	14	9	PA	32
2004	31	26	PA	32
2005	16	11	PA	32
2006	13	8	PA	32
2007	12	7	PA	32
2008	11	6	PA	32
2009	12	7	PA	32
2010	22	17	PA	32
2011	35	30	PA	32
2012	17	12	PA	32
1952	6	1	NJ	33
1955	6	1	NJ	33
1956	6	1	NJ	33
1958	7	2	NJ	33
1960	6	1	NJ	33
1962	7	2	NJ	33
1964	7	2	NJ	33
1971	6	1	NJ	33
1973	6	1	NJ	33
1975	6	1	NJ	33
1976	6	1	NJ	33
1977	6	1	NJ	33
1979	7	2	NJ	33
1981	7	2	NJ	33
1985	7	2	NJ	33
1987	6	1	NJ	33
1988	7	2	NJ	33
1989	13	8	NJ	33
1990	6	1	NJ	33
1992	7	2	NJ	33
1993	7	2	NJ	33
1994	6	1	NJ	33
1996	7	2	NJ	33
1997	7	2	NJ	33
1998	8	3	NJ	33
1999	7	2	NJ	33
2001	7	2	NJ	33
2003	12	7	NJ	33
2004	7	2	NJ	33
2006	6	1	NJ	33
2009	7	2	NJ	33
2010	6	1	NJ	33
2011	7	2	NJ	33
2012	6	1	NJ	33
1985	6	1	RI	34
1986	8	3	RI	34
1990	6	1	RI	34
2000	6	1	RI	34
2008	7	2	RI	34
2012	6	1	RI	34
1952	6	1	NY	35
1954	6	1	NY	35
1958	7	2	NY	35
1959	8	3	NY	35
1960	6	1	NY	35
1961	10	5	NY	35
1963	8	3	NY	35
1964	6	1	NY	35
1965	8	3	NY	35
1967	6	1	NY	35
1968	8	3	NY	35
1969	6	1	NY	35
1970	6	1	NY	35
1971	9	4	NY	35
1972	9	4	NY	35
1973	11	6	NY	35
1974	8	3	NY	35
1975	6	1	NY	35
1976	11	6	NY	35
1977	6	1	NY	35
1978	7	2	NY	35
1979	6	1	NY	35
1980	7	2	NY	35
1981	7	2	NY	35
1982	6	1	NY	35
1983	11	6	NY	35
1984	10	5	NY	35
1985	9	4	NY	35
1986	7	2	NY	35
1988	8	3	NY	35
1989	10	5	NY	35
1990	9	4	NY	35
1991	6	1	NY	35
1992	12	7	NY	35
1993	8	3	NY	35
1994	8	3	NY	35
1995	8	3	NY	35
1996	13	8	NY	35
1997	12	7	NY	35
1998	25	20	NY	35
1999	6	1	NY	35
2000	10	5	NY	35
2001	8	3	NY	35
2002	20	15	NY	35
2003	23	18	NY	35
2004	13	8	NY	35
2005	9	4	NY	35
2006	13	8	NY	35
2007	8	3	NY	35
2008	7	2	NY	35
2009	15	10	NY	35
2010	18	13	NY	35
2011	26	21	NY	35
2012	13	8	NY	35
1951	6	1	NH	36
1954	6	1	NH	36
1955	6	1	NH	36
1961	7	2	NH	36
1962	6	1	NH	36
1963	12	7	NH	36
1965	7	2	NH	36
1966	7	2	NH	36
1968	6	1	NH	36
1970	6	1	NH	36
1972	7	2	NH	36
1973	6	1	NH	36
1974	6	1	NH	36
1976	6	1	NH	36
1980	6	1	NH	36
1981	6	1	NH	36
1984	8	3	NH	36
1986	8	3	NH	36
1997	7	2	NH	36
1998	6	1	NH	36
1999	7	2	NH	36
2004	6	1	NH	36
2006	7	2	NH	36
2008	6	1	NH	36
2010	6	1	NH	36
2011	7	2	NH	36
2012	7	2	NH	36
1953	9	4	WY	37
1954	6	1	WY	37
1955	6	1	WY	37
1956	7	2	WY	37
1957	7	2	WY	37
1958	9	4	WY	37
1959	7	2	WY	37
1960	9	4	WY	37
1961	7	2	WY	37
1962	13	8	WY	37
1963	6	1	WY	37
1964	7	2	WY	37
1965	7	2	WY	37
1966	7	2	WY	37
1967	10	5	WY	37
1968	10	5	WY	37
1969	6	1	WY	37
1971	7	2	WY	37
1972	7	2	WY	37
1973	10	5	WY	37
1974	14	9	WY	37
1975	13	8	WY	37
1976	24	19	WY	37
1977	17	12	WY	37
1978	7	2	WY	37
1979	22	17	WY	37
1980	15	10	WY	37
1981	9	4	WY	37
1982	14	9	WY	37
1984	7	2	WY	37
1985	6	1	WY	37
1986	6	1	WY	37
1987	12	7	WY	37
1989	7	2	WY	37
1990	17	12	WY	37
1991	18	13	WY	37
1992	15	10	WY	37
1993	10	5	WY	37
1994	10	5	WY	37
1995	12	7	WY	37
1996	11	6	WY	37
1997	31	26	WY	37
1998	21	16	WY	37
1999	25	20	WY	37
2000	10	5	WY	37
2001	21	16	WY	37
2002	13	8	WY	37
2003	9	4	WY	37
2004	11	6	WY	37
2005	11	6	WY	37
2006	6	1	WY	37
2007	10	5	WY	37
2008	21	16	WY	37
2009	17	12	WY	37
2010	25	20	WY	37
2011	12	7	WY	37
2012	9	4	WY	37
1951	6	1	WV	38
1954	8	3	WV	38
1961	6	1	WV	38
1964	6	1	WV	38
1965	7	2	WV	38
1967	8	3	WV	38
1968	6	1	WV	38
1969	7	2	WV	38
1972	6	1	WV	38
1973	6	1	WV	38
1974	11	6	WV	38
1975	7	2	WV	38
1976	6	1	WV	38
1977	7	2	WV	38
1978	8	3	WV	38
1979	9	4	WV	38
1980	8	3	WV	38
1981	7	2	WV	38
1989	6	1	WV	38
1990	6	1	WV	38
1991	6	1	WV	38
1992	6	1	WV	38
1994	6	1	WV	38
1996	8	3	WV	38
1997	6	1	WV	38
1998	20	15	WV	38
1999	6	1	WV	38
2000	9	4	WV	38
2001	6	1	WV	38
2002	6	1	WV	38
2003	7	2	WV	38
2004	10	5	WV	38
2007	6	1	WV	38
2008	8	3	WV	38
2010	7	2	WV	38
2011	6	1	WV	38
2012	8	3	WV	38
1950	7	2	NM	39
1951	6	1	NM	39
1954	12	7	NM	39
1956	7	2	NM	39
1957	21	16	NM	39
1958	11	6	NM	39
1959	18	13	NM	39
1960	9	4	NM	39
1961	12	7	NM	39
1962	15	10	NM	39
1963	13	8	NM	39
1964	16	11	NM	39
1965	16	11	NM	39
1966	13	8	NM	39
1967	12	7	NM	39
1968	6	1	NM	39
1969	14	9	NM	39
1970	16	11	NM	39
1971	14	9	NM	39
1972	21	16	NM	39
1973	7	2	NM	39
1974	10	5	NM	39
1975	8	3	NM	39
1976	7	2	NM	39
1977	10	5	NM	39
1978	7	2	NM	39
1979	14	9	NM	39
1980	8	3	NM	39
1981	13	8	NM	39
1982	12	7	NM	39
1984	6	1	NM	39
1985	6	1	NM	39
1986	6	1	NM	39
1987	6	1	NM	39
1988	8	3	NM	39
1989	17	12	NM	39
1991	17	12	NM	39
1992	22	17	NM	39
1993	6	1	NM	39
1994	13	8	NM	39
1995	9	4	NM	39
1996	21	16	NM	39
1997	16	11	NM	39
1998	12	7	NM	39
1999	13	8	NM	39
2000	10	5	NM	39
2001	10	5	NM	39
2002	8	3	NM	39
2003	12	7	NM	39
2004	16	11	NM	39
2005	12	7	NM	39
2006	10	5	NM	39
2007	28	23	NM	39
2008	16	11	NM	39
2009	9	4	NM	39
2010	17	12	NM	39
2011	7	2	NM	39
2012	11	6	NM	39
1955	6	1	VT	40
1957	7	2	VT	40
1961	8	3	VT	40
1962	9	4	VT	40
1970	6	1	VT	40
1972	6	1	VT	40
1973	7	2	VT	40
1982	6	1	VT	40
1986	6	1	VT	40
1993	6	1	VT	40
1998	6	1	VT	40
2002	7	2	VT	40
2003	7	2	VT	40
2008	6	1	VT	40
2009	7	2	VT	40
2010	7	2	VT	40
2011	7	2	VT	40
2012	6	1	VT	40
1954	6	1	ME	41
1956	6	1	ME	41
1957	6	1	ME	41
1958	8	3	ME	41
1960	6	1	ME	41
1961	8	3	ME	41
1962	7	2	ME	41
1963	8	3	ME	41
1965	6	1	ME	41
1968	6	1	ME	41
1970	6	1	ME	41
1971	11	6	ME	41
1972	6	1	ME	41
1973	7	2	ME	41
1974	6	1	ME	41
1975	6	1	ME	41
1978	6	1	ME	41
1981	6	1	ME	41
1986	6	1	ME	41
1994	8	3	ME	41
1996	6	1	ME	41
1997	8	3	ME	41
1998	6	1	ME	41
1999	6	1	ME	41
2000	7	2	ME	41
2001	7	2	ME	41
2002	8	3	ME	41
2004	6	1	ME	41
2005	7	2	ME	41
2006	6	1	ME	41
2007	6	1	ME	41
2009	12	7	ME	41
2010	10	5	ME	41
2011	10	5	ME	41
2012	6	1	ME	41
1951	6	1	CA	42
1953	6	1	CA	42
1954	6	1	CA	42
1956	7	2	CA	42
1957	6	1	CA	42
1958	7	2	CA	42
1961	6	1	CA	42
1962	6	1	CA	42
1965	6	1	CA	42
1966	7	2	CA	42
1967	8	3	CA	42
1970	6	1	CA	42
1971	6	1	CA	42
1972	9	4	CA	42
1973	6	1	CA	42
1974	7	2	CA	42
1977	6	1	CA	42
1978	6	1	CA	42
1979	6	1	CA	42
1980	8	3	CA	42
1981	8	3	CA	42
1982	12	7	CA	42
1983	8	3	CA	42
1984	6	1	CA	42
1985	7	2	CA	42
1986	6	1	CA	42
1987	6	1	CA	42
1989	6	1	CA	42
1990	7	2	CA	42
1991	13	8	CA	42
1992	16	11	CA	42
1993	14	9	CA	42
1994	11	6	CA	42
1995	7	2	CA	42
1996	27	22	CA	42
1997	22	17	CA	42
1998	30	25	CA	42
1999	8	3	CA	42
2000	14	9	CA	42
2001	13	8	CA	42
2002	8	3	CA	42
2004	15	10	CA	42
2005	35	30	CA	42
2006	14	9	CA	42
2007	11	6	CA	42
2008	12	7	CA	42
2009	7	2	CA	42
2010	13	8	CA	42
2011	14	9	CA	42
2012	17	12	CA	42
1952	7	2	MT	43
1953	7	2	MT	43
1954	8	3	MT	43
1955	6	1	MT	43
1959	6	1	MT	43
1962	9	4	MT	43
1964	6	1	MT	43
1965	6	1	MT	43
1968	6	1	MT	43
1969	6	1	MT	43
1970	6	1	MT	43
1971	7	2	MT	43
1972	8	3	MT	43
1973	7	2	MT	43
1975	15	10	MT	43
1976	6	1	MT	43
1979	10	5	MT	43
1980	11	6	MT	43
1981	7	2	MT	43
1982	6	1	MT	43
1984	7	2	MT	43
1985	7	2	MT	43
1986	6	1	MT	43
1988	8	3	MT	43
1990	7	2	MT	43
1991	10	5	MT	43
1992	14	9	MT	43
1993	24	19	MT	43
1994	11	6	MT	43
1995	19	14	MT	43
1996	13	8	MT	43
1997	14	9	MT	43
1998	16	11	MT	43
1999	27	22	MT	43
2000	15	10	MT	43
2001	14	9	MT	43
2002	16	11	MT	43
2003	11	6	MT	43
2004	11	6	MT	43
2005	15	10	MT	43
2006	6	1	MT	43
2007	10	5	MT	43
2008	7	2	MT	43
2009	9	4	MT	43
2010	15	10	MT	43
2011	14	9	MT	43
2012	8	3	MT	43
1956	8	3	ID	44
1957	6	1	ID	44
1961	7	2	ID	44
1962	7	2	ID	44
1973	7	2	ID	44
1978	6	1	ID	44
1980	6	1	ID	44
1981	6	1	ID	44
1984	8	3	ID	44
1985	7	2	ID	44
1986	6	1	ID	44
1987	8	3	ID	44
1988	6	1	ID	44
1990	11	6	ID	44
1991	10	5	ID	44
1993	15	10	ID	44
1994	7	2	ID	44
1995	11	6	ID	44
1996	9	4	ID	44
1997	11	6	ID	44
1998	12	7	ID	44
1999	6	1	ID	44
2000	18	13	ID	44
2001	7	2	ID	44
2002	8	3	ID	44
2003	9	4	ID	44
2004	10	5	ID	44
2005	11	6	ID	44
2006	14	9	ID	44
2007	8	3	ID	44
2008	6	1	ID	44
2009	7	2	ID	44
2010	7	2	ID	44
2011	7	2	ID	44
2012	7	2	ID	44
1956	6	1	AZ	45
1957	6	1	AZ	45
1959	7	2	AZ	45
1961	8	3	AZ	45
1962	6	1	AZ	45
1964	7	2	AZ	45
1966	7	2	AZ	45
1968	8	3	AZ	45
1969	7	2	AZ	45
1970	6	1	AZ	45
1971	11	6	AZ	45
1972	18	13	AZ	45
1973	6	1	AZ	45
1974	9	4	AZ	45
1976	8	3	AZ	45
1979	6	1	AZ	45
1980	6	1	AZ	45
1984	7	2	AZ	45
1985	6	1	AZ	45
1987	6	1	AZ	45
1992	8	3	AZ	45
1993	8	3	AZ	45
1994	7	2	AZ	45
1995	8	3	AZ	45
1996	14	9	AZ	45
1997	10	5	AZ	45
1998	7	2	AZ	45
1999	10	5	AZ	45
2001	9	4	AZ	45
2003	14	9	AZ	45
2004	8	3	AZ	45
2005	13	8	AZ	45
2006	11	6	AZ	45
2008	6	1	AZ	45
2009	9	4	AZ	45
2010	17	12	AZ	45
2011	8	3	AZ	45
2012	6	1	AZ	45
1956	6	1	WA	46
1962	6	1	WA	46
1964	7	2	WA	46
1965	6	1	WA	46
1969	6	1	WA	46
1970	6	1	WA	46
1972	8	3	WA	46
1978	7	2	WA	46
1979	6	1	WA	46
1980	7	2	WA	46
1981	7	2	WA	46
1982	7	2	WA	46
1983	6	1	WA	46
1984	6	1	WA	46
1992	6	1	WA	46
1994	6	1	WA	46
1996	6	1	WA	46
1997	19	14	WA	46
1999	7	2	WA	46
2000	8	3	WA	46
2001	7	2	WA	46
2003	7	2	WA	46
2004	15	10	WA	46
2005	9	4	WA	46
2006	7	2	WA	46
2008	8	3	WA	46
2009	11	6	WA	46
2010	7	2	WA	46
2011	7	2	WA	46
1953	7	2	UT	47
1955	6	1	UT	47
1964	6	1	UT	47
1965	6	1	UT	47
1967	6	1	UT	47
1970	6	1	UT	47
1971	6	1	UT	47
1982	7	2	UT	47
1984	11	6	UT	47
1986	6	1	UT	47
1990	6	1	UT	47
1991	9	4	UT	47
1993	10	5	UT	47
1996	8	3	UT	47
1997	6	1	UT	47
1998	12	7	UT	47
1999	8	3	UT	47
2000	8	3	UT	47
2001	10	5	UT	47
2002	9	4	UT	47
2003	6	1	UT	47
2005	9	4	UT	47
2006	7	2	UT	47
2007	6	1	UT	47
2009	9	4	UT	47
2010	7	2	UT	47
2011	6	1	UT	47
2012	6	1	UT	47
1957	6	1	OR	48
1965	7	2	OR	48
1966	7	2	OR	48
1968	7	2	OR	48
1970	6	1	OR	48
1972	7	2	OR	48
1973	6	1	OR	48
1983	8	3	OR	48
1984	8	3	OR	48
1991	7	2	OR	48
1993	6	1	OR	48
1994	7	2	OR	48
1995	9	4	OR	48
1996	9	4	OR	48
1997	19	14	OR	48
1998	8	3	OR	48
1999	6	1	OR	48
2000	8	3	OR	48
2001	9	4	OR	48
2002	7	2	OR	48
2003	7	2	OR	48
2004	12	7	OR	48
2005	6	1	OR	48
2006	9	4	OR	48
2007	7	2	OR	48
2009	9	4	OR	48
2010	7	2	OR	48
2011	6	1	OR	48
1973	6	1	NV	49
1974	6	1	NV	49
1975	7	2	NV	49
1979	7	2	NV	49
1983	6	1	NV	49
1984	7	2	NV	49
1986	6	1	NV	49
1987	10	5	NV	49
1988	6	1	NV	49
1991	6	1	NV	49
1992	7	2	NV	49
1993	6	1	NV	49
1996	6	1	NV	49
1997	7	2	NV	49
1998	13	8	NV	49
1999	6	1	NV	49
2000	7	2	NV	49
2001	6	1	NV	49
2002	6	1	NV	49
2003	8	3	NV	49
2004	10	5	NV	49
2005	6	1	NV	49
2006	6	1	NV	49
2009	7	2	NV	49
2011	6	1	NV	49
2012	7	2	NV	49
